Date,Adj Close,Close,High,Low,Open,Volume
2020-01-02,1168.54296875,1590.0,1590.0,1590.0,1590.0,0
2020-01-03,1142.8203125,1555.0,1555.0,1555.0,1555.0,1000
2020-01-06,1142.8203125,1555.0,1555.0,1555.0,1555.0,0
2020-01-07,1142.8203125,1555.0,1555.0,1555.0,1555.0,10000
2020-01-08,1142.8203125,1555.0,1555.0,1555.0,1555.0,2000
2020-01-09,1142.8203125,1555.0,1555.0,1555.0,1555.0,1000
2020-01-10,1157.51904296875,1575.0,1575.0,1555.0,1555.0,12000
2020-01-13,1131.79638671875,1540.0,1575.0,1540.0,1575.0,12000
2020-01-14,1131.79638671875,1540.0,1540.0,1540.0,1540.0,2000
2020-01-15,1131.79638671875,1540.0,1540.0,1540.0,1540.0,2000
2020-01-16,1131.79638671875,1540.0,1540.0,1540.0,1540.0,1000
2020-01-17,1117.0977783203125,1520.0,1520.0,1520.0,1520.0,20000
2020-01-20,1117.0977783203125,1520.0,1520.0,1520.0,1520.0,0
2020-01-21,1117.0977783203125,1520.0,1520.0,1520.0,1520.0,1000
2020-01-22,1117.0977783203125,1520.0,1520.0,1515.0,1515.0,3000
2020-01-23,1117.0977783203125,1520.0,1520.0,1520.0,1520.0,0
2020-01-24,1117.0977783203125,1520.0,1520.0,1517.5,1517.5,105000
2020-01-27,1117.0977783203125,1520.0,1520.0,1520.0,1520.0,0
2020-01-28,1117.0977783203125,1520.0,1520.0,1520.0,1520.0,0
2020-01-29,1117.0977783203125,1520.0,1520.0,1500.0,1500.0,22000
2020-01-30,1117.0977783203125,1520.0,1520.0,1520.0,1520.0,0
2020-01-31,1117.0977783203125,1520.0,1520.0,1520.0,1520.0,0
2020-02-03,1117.0977783203125,1520.0,1520.0,1520.0,1520.0,0
2020-02-04,1117.0977783203125,1520.0,1520.0,1520.0,1520.0,0
2020-02-05,1117.0977783203125,1520.0,1520.0,1520.0,1520.0,2000
2020-02-06,1117.0977783203125,1520.0,1520.0,1520.0,1520.0,0
2020-02-07,1117.0977783203125,1520.0,1520.0,1520.0,1520.0,1000
2020-02-10,1117.0977783203125,1520.0,1520.0,1520.0,1520.0,0
2020-02-11,1117.0977783203125,1520.0,1520.0,1520.0,1520.0,0
2020-02-12,1117.0977783203125,1520.0,1520.0,1520.0,1520.0,6000
2020-02-13,1117.0977783203125,1520.0,1520.0,1520.0,1520.0,0
2020-02-14,1117.0977783203125,1520.0,1520.0,1520.0,1520.0,0
2020-02-17,1117.0977783203125,1520.0,1520.0,1520.0,1520.0,0
2020-02-18,1117.0977783203125,1520.0,1520.0,1520.0,1520.0,0
2020-02-19,1117.0977783203125,1520.0,1520.0,1520.0,1520.0,0
2020-02-20,1117.0977783203125,1520.0,1520.0,1520.0,1520.0,0
2020-02-21,1117.0977783203125,1520.0,1520.0,1520.0,1520.0,0
2020-02-24,1117.0977783203125,1520.0,1520.0,1520.0,1520.0,0
2020-02-25,1117.0977783203125,1520.0,1520.0,1520.0,1520.0,0
2020-02-26,1117.0977783203125,1520.0,1520.0,1520.0,1520.0,0
2020-02-27,1117.0977783203125,1520.0,1520.0,1520.0,1520.0,0
2020-02-28,1117.0977783203125,1520.0,1520.0,1520.0,1520.0,1000
2020-03-02,1117.0977783203125,1520.0,1520.0,1520.0,1520.0,0
2020-03-03,1117.0977783203125,1520.0,1520.0,1520.0,1520.0,0
2020-03-04,1117.0977783203125,1520.0,1520.0,1520.0,1520.0,0
2020-03-05,1117.0977783203125,1520.0,1520.0,1520.0,1520.0,1000
2020-03-06,1117.0977783203125,1520.0,1520.0,1520.0,1520.0,0
2020-03-09,1117.0977783203125,1520.0,1520.0,1520.0,1520.0,0
2020-03-10,1117.0977783203125,1520.0,1520.0,1520.0,1520.0,0
2020-03-11,1117.0977783203125,1520.0,1520.0,1520.0,1520.0,0
2020-03-12,1117.0977783203125,1520.0,1520.0,1520.0,1520.0,0
2020-03-13,1117.0977783203125,1520.0,1520.0,1520.0,1520.0,0
2020-03-16,1117.0977783203125,1520.0,1520.0,1520.0,1520.0,0
2020-03-17,1117.0977783203125,1520.0,1520.0,1520.0,1520.0,0
2020-03-18,1117.0977783203125,1520.0,1520.0,1520.0,1520.0,0
2020-03-19,1117.0977783203125,1520.0,1520.0,1520.0,1520.0,0
2020-03-20,1117.0977783203125,1520.0,1520.0,1520.0,1520.0,0
2020-03-23,1117.0977783203125,1520.0,1520.0,1520.0,1520.0,0
2020-03-24,1117.0977783203125,1520.0,1520.0,1520.0,1520.0,0
2020-03-26,1117.0977783203125,1520.0,1520.0,1520.0,1520.0,0
2020-03-27,1117.0977783203125,1520.0,1520.0,1520.0,1520.0,0
2020-03-30,1117.0977783203125,1520.0,1520.0,1520.0,1520.0,0
2020-03-31,1065.6524658203125,1450.0,1450.0,1450.0,1450.0,2000
2020-04-01,1065.6524658203125,1450.0,1450.0,1450.0,1450.0,0
2020-04-02,1065.6524658203125,1450.0,1450.0,1450.0,1450.0,0
2020-04-03,1065.6524658203125,1450.0,1450.0,1450.0,1450.0,1000
2020-04-06,1065.6524658203125,1450.0,1450.0,1450.0,1450.0,0
2020-04-07,1065.6524658203125,1450.0,1450.0,1450.0,1450.0,0
2020-04-08,1065.6524658203125,1450.0,1450.0,1450.0,1450.0,0
2020-04-09,1065.6524658203125,1450.0,1450.0,1450.0,1450.0,0
2020-04-13,1065.6524658203125,1450.0,1450.0,1450.0,1450.0,0
2020-04-14,1065.6524658203125,1450.0,1450.0,1450.0,1450.0,0
2020-04-15,1065.6524658203125,1450.0,1450.0,1450.0,1450.0,3000
2020-04-16,1065.6524658203125,1450.0,1450.0,1450.0,1450.0,0
2020-04-17,1065.6524658203125,1450.0,1450.0,1450.0,1450.0,0
2020-04-20,1065.6524658203125,1450.0,1450.0,1450.0,1450.0,0
2020-04-21,1065.6524658203125,1450.0,1450.0,1450.0,1450.0,0
2020-04-22,1065.6524658203125,1450.0,1450.0,1450.0,1450.0,0
2020-04-23,1065.6524658203125,1450.0,1450.0,1450.0,1450.0,0
2020-04-24,1065.6524658203125,1450.0,1450.0,1450.0,1450.0,0
2020-04-27,1065.6524658203125,1450.0,1450.0,1450.0,1450.0,0
2020-04-28,1065.6524658203125,1450.0,1450.0,1450.0,1450.0,0
2020-04-29,1065.6524658203125,1450.0,1450.0,1450.0,1450.0,0
2020-04-30,1065.6524658203125,1450.0,1450.0,1450.0,1450.0,0
2020-05-04,1065.6524658203125,1450.0,1450.0,1450.0,1450.0,0
2020-05-05,1065.6524658203125,1450.0,1450.0,1450.0,1450.0,0
2020-05-06,1065.6524658203125,1450.0,1450.0,1450.0,1450.0,0
2020-05-08,1065.6524658203125,1450.0,1450.0,1450.0,1450.0,0
2020-05-11,1065.6524658203125,1450.0,1450.0,1450.0,1450.0,0
2020-05-12,1065.6524658203125,1450.0,1450.0,1450.0,1450.0,0
2020-05-13,1065.6524658203125,1450.0,1450.0,1450.0,1450.0,0
2020-05-14,1065.6524658203125,1450.0,1450.0,1450.0,1450.0,0
2020-05-15,1065.6524658203125,1450.0,1450.0,1450.0,1450.0,0
2020-05-18,1065.6524658203125,1450.0,1450.0,1450.0,1450.0,0
2020-05-19,1065.6524658203125,1450.0,1450.0,1450.0,1450.0,1000
2020-05-20,1065.6524658203125,1450.0,1450.0,1450.0,1450.0,0
2020-05-26,1065.6524658203125,1450.0,1450.0,1450.0,1450.0,0
2020-05-27,1065.6524658203125,1450.0,1450.0,1450.0,1450.0,0
2020-05-28,1065.6524658203125,1450.0,1450.0,1450.0,1450.0,0
2020-05-29,1061.977783203125,1445.0,1445.0,1445.0,1445.0,1000
2020-06-02,1061.977783203125,1445.0,1445.0,1445.0,1445.0,0
2020-06-03,1061.977783203125,1445.0,1445.0,1445.0,1445.0,0
2020-06-04,988.484375,1345.0,1345.0,1345.0,1345.0,2000
2020-06-05,988.484375,1345.0,1345.0,1345.0,1345.0,4000
2020-06-08,988.484375,1345.0,1345.0,1345.0,1345.0,1000
2020-06-09,988.484375,1345.0,1345.0,1345.0,1345.0,0
2020-06-10,988.484375,1345.0,1345.0,1345.0,1345.0,1000
2020-06-11,988.484375,1345.0,1345.0,1345.0,1345.0,0
2020-06-12,988.484375,1345.0,1345.0,1345.0,1345.0,1000
2020-06-15,988.484375,1345.0,1345.0,1345.0,1345.0,1000
2020-06-16,988.484375,1345.0,1345.0,1345.0,1345.0,3000
2020-06-17,988.484375,1345.0,1345.0,1345.0,1345.0,0
2020-06-18,988.484375,1345.0,1345.0,1345.0,1345.0,2000
2020-06-19,988.484375,1345.0,1345.0,1345.0,1345.0,2000
2020-06-22,920.5032348632812,1252.5,1345.0,1252.5,1345.0,25000
2020-06-23,926.01513671875,1260.0,1445.0,1260.0,1442.5,33000
2020-06-24,926.01513671875,1260.0,1410.0,1260.0,1260.0,35000
2020-06-25,922.3405151367188,1255.0,1255.0,1255.0,1255.0,1000
2020-06-26,922.3405151367188,1255.0,1410.0,1200.0,1255.0,66000
2020-06-29,920.5032348632812,1252.5,1255.0,1252.5,1255.0,22000
2020-06-30,920.5032348632812,1252.5,1252.5,1252.5,1252.5,1000
2020-07-01,916.8285522460938,1247.5,1252.5,1247.5,1252.5,2000
2020-07-02,916.8285522460938,1247.5,1247.5,1247.5,1247.5,12000
2020-07-03,1028.90576171875,1400.0,1400.0,1400.0,1400.0,2000
2020-07-06,1021.5565185546875,1390.0,1400.0,1350.0,1400.0,25000
2020-07-07,1021.5565185546875,1390.0,1390.0,1295.0,1300.0,34000
2020-07-08,951.7378540039062,1295.0,1390.0,1295.0,1390.0,94000
2020-07-09,911.3163452148438,1240.0,1295.0,1227.5,1295.0,21000
2020-07-10,946.2257690429688,1287.5,1300.0,1240.0,1300.0,42000
2020-07-13,940.7136840820312,1280.0,1287.5,1280.0,1280.0,8000
2020-07-14,933.3643798828125,1270.0,1275.0,1192.5,1250.0,86000
2020-07-15,869.0579223632812,1182.5,1200.0,1182.5,1200.0,118000
2020-07-16,867.2205810546875,1180.0,1230.0,1177.5,1182.5,87000
2020-07-17,926.01513671875,1260.0,1265.0,1180.0,1180.0,73000
2020-07-20,926.01513671875,1260.0,1260.0,1257.5,1260.0,40000
2020-07-21,992.1591796875,1350.0,1350.0,1250.0,1250.0,40000
2020-07-22,992.1591796875,1350.0,1350.0,1325.0,1330.0,20000
2020-07-23,990.32177734375,1347.5,1347.5,1260.0,1330.0,69000
2020-07-24,999.5083618164062,1360.0,1360.0,1345.0,1345.0,26000
2020-07-27,938.8764038085938,1277.5,1360.0,1265.0,1360.0,88000
2020-07-28,940.7136840820312,1280.0,1360.0,1280.0,1280.0,17000
2020-07-29,960.92431640625,1307.5,1370.0,1307.5,1360.0,8000
2020-07-30,971.9484252929688,1322.5,1355.0,1307.5,1307.5,20000
2020-08-03,970.111083984375,1320.0,1320.0,1320.0,1320.0,113000
2020-08-04,992.1591796875,1350.0,1350.0,1335.0,1335.0,28000
2020-08-05,1028.90576171875,1400.0,1400.0,1350.0,1350.0,75000
2020-08-06,1028.90576171875,1400.0,1400.0,1400.0,1400.0,0
2020-08-07,970.111083984375,1320.0,1375.0,1320.0,1375.0,132000
2020-08-10,966.4364624023438,1315.0,1320.0,1315.0,1320.0,50000
2020-08-11,975.6229858398438,1327.5,1330.0,1327.5,1330.0,38000
2020-08-12,975.6229858398438,1327.5,1327.5,1327.5,1327.5,0
2020-08-13,992.1591796875,1350.0,1350.0,1327.5,1327.5,22000
2020-08-14,990.32177734375,1347.5,1350.0,1347.5,1350.0,34000
2020-08-18,984.8096923828125,1340.0,1360.0,1340.0,1360.0,52000
2020-08-19,999.5083618164062,1360.0,1360.0,1360.0,1360.0,4000
2020-08-24,999.5083618164062,1360.0,1370.0,1360.0,1370.0,35000
2020-08-25,962.7617797851562,1310.0,1375.0,1310.0,1375.0,75000
2020-08-26,992.1591796875,1350.0,1350.0,1340.0,1340.0,5000
2020-08-27,955.4124145507812,1300.0,1345.0,1300.0,1320.0,129000
2020-08-28,918.665771484375,1250.0,1290.0,1250.0,1280.0,186000
2020-08-31,944.3883056640625,1285.0,1290.0,1285.0,1290.0,15000
2020-09-01,951.7378540039062,1295.0,1295.0,1295.0,1295.0,23000
2020-09-02,926.01513671875,1260.0,1290.0,1260.0,1290.0,136000
2020-09-03,929.6898803710938,1265.0,1265.0,1265.0,1265.0,3000
2020-09-04,948.1316528320312,1260.0,1260.0,1260.0,1260.0,1000
2020-09-07,902.9825439453125,1200.0,1260.0,1200.0,1260.0,17000
2020-09-08,902.9825439453125,1200.0,1200.0,1200.0,1200.0,13000
2020-09-09,902.9825439453125,1200.0,1200.0,1200.0,1200.0,127000
2020-09-10,840.902587890625,1117.5,1280.0,1117.5,1200.0,58000
2020-09-11,925.5570678710938,1230.0,1230.0,1200.0,1200.0,21000
2020-09-14,940.6068115234375,1250.0,1260.0,1250.0,1260.0,55000
2020-09-15,940.6068115234375,1250.0,1250.0,1250.0,1250.0,4000
2020-09-16,940.6068115234375,1250.0,1250.0,1250.0,1250.0,0
2020-09-17,940.6068115234375,1250.0,1250.0,1250.0,1250.0,0
2020-09-18,936.8444213867188,1245.0,1245.0,1245.0,1245.0,1000
2020-09-21,951.8941040039062,1265.0,1265.0,1250.0,1265.0,38000
2020-09-22,951.8941040039062,1265.0,1265.0,1265.0,1265.0,1000
2020-09-23,951.8941040039062,1265.0,1265.0,1265.0,1265.0,0
2020-09-24,951.8941040039062,1265.0,1265.0,1265.0,1265.0,0
2020-09-25,951.8941040039062,1265.0,1265.0,1265.0,1265.0,0
2020-09-28,951.8941040039062,1265.0,1265.0,1265.0,1265.0,0
2020-09-29,951.8941040039062,1265.0,1265.0,1265.0,1265.0,0
2020-09-30,951.8941040039062,1265.0,1265.0,1265.0,1265.0,0
2020-10-01,951.8941040039062,1265.0,1265.0,1265.0,1265.0,0
2020-10-02,950.0130004882812,1262.5,1262.5,1262.5,1262.5,1000
2020-10-05,950.0130004882812,1262.5,1262.5,1262.5,1262.5,0
2020-10-06,950.0130004882812,1262.5,1262.5,1262.5,1262.5,0
2020-10-07,950.0130004882812,1262.5,1262.5,1262.5,1262.5,0
2020-10-08,950.0130004882812,1262.5,1262.5,1262.5,1262.5,0
2020-10-09,950.0130004882812,1262.5,1262.5,1262.5,1262.5,0
2020-10-12,950.0130004882812,1262.5,1262.5,1262.5,1262.5,0
2020-10-13,950.0130004882812,1262.5,1262.5,1262.5,1262.5,0
2020-10-14,950.0130004882812,1262.5,1262.5,1262.5,1262.5,0
2020-10-15,950.0130004882812,1262.5,1262.5,1237.5,1237.5,15000
2020-10-16,950.0130004882812,1262.5,1262.5,1262.5,1262.5,0
2020-10-19,950.0130004882812,1262.5,1262.5,1262.5,1262.5,0
2020-10-20,940.6068115234375,1250.0,1255.0,1250.0,1255.0,13000
2020-10-21,940.6068115234375,1250.0,1250.0,1250.0,1250.0,1000
2020-10-22,940.6068115234375,1250.0,1250.0,1250.0,1250.0,0
2020-10-23,940.6068115234375,1250.0,1250.0,1250.0,1250.0,0
2020-10-26,940.6068115234375,1250.0,1250.0,1250.0,1250.0,0
2020-10-27,936.8444213867188,1245.0,1245.0,1245.0,1245.0,31000
2020-11-02,918.0322875976562,1220.0,1220.0,1220.0,1220.0,10000
2020-11-03,918.0322875976562,1220.0,1220.0,1220.0,1220.0,0
2020-11-04,974.46875,1295.0,1300.0,1280.0,1280.0,15000
2020-11-05,1015.85546875,1350.0,1350.0,1295.0,1295.0,85000
2020-11-06,1015.85546875,1350.0,1360.0,1350.0,1360.0,10000
2020-11-09,1023.3801879882812,1360.0,1370.0,1360.0,1370.0,35000
2020-11-10,1034.6676025390625,1375.0,1380.0,1375.0,1380.0,15000
2020-11-11,1038.4298095703125,1380.0,1385.0,1375.0,1385.0,32000
2020-11-12,1034.6676025390625,1375.0,1380.0,1375.0,1380.0,16000
2020-11-13,1091.10400390625,1450.0,1450.0,1370.0,1380.0,52000
2020-11-16,1091.10400390625,1450.0,1450.0,1450.0,1450.0,0
2020-11-17,1076.0543212890625,1430.0,1435.0,1430.0,1435.0,21000
2020-11-18,1106.1536865234375,1470.0,1470.0,1430.0,1430.0,65000
2020-11-19,1106.1536865234375,1470.0,1470.0,1470.0,1470.0,0
2020-11-20,1106.1536865234375,1470.0,1470.0,1470.0,1470.0,0
2020-11-23,1106.1536865234375,1470.0,1470.0,1470.0,1470.0,0
2020-11-24,1091.10400390625,1450.0,1467.5,1450.0,1467.5,55000
2020-11-25,1091.10400390625,1450.0,1450.0,1450.0,1450.0,0
2020-11-26,1083.5789794921875,1440.0,1440.0,1440.0,1440.0,2000
2020-11-27,1166.3524169921875,1550.0,1550.0,1535.0,1535.0,42000
2020-11-30,1166.3524169921875,1550.0,1550.0,1550.0,1550.0,28000
2020-12-01,1166.3524169921875,1550.0,1550.0,1550.0,1550.0,10000
2020-12-02,1166.3524169921875,1550.0,1550.0,1550.0,1550.0,0
2020-12-03,1192.689453125,1585.0,1585.0,1575.0,1585.0,31000
2020-12-04,1185.16455078125,1575.0,1600.0,1575.0,1600.0,5000
2020-12-07,1185.16455078125,1575.0,1575.0,1575.0,1575.0,0
2020-12-08,1188.9271240234375,1580.0,1585.0,1580.0,1585.0,10000
2020-12-10,1188.9271240234375,1580.0,1580.0,1580.0,1580.0,0
2020-12-11,1192.689453125,1585.0,1585.0,1585.0,1585.0,2000
2020-12-14,1192.689453125,1585.0,1600.0,1580.0,1600.0,90000
2020-12-15,1113.6785888671875,1480.0,1585.0,1480.0,1585.0,139000
2020-12-16,1106.1536865234375,1470.0,1520.0,1470.0,1510.0,507000
2020-12-17,1121.2032470703125,1490.0,1500.0,1400.0,1472.5,143000
2020-12-18,1092.9853515625,1452.5,1490.0,1450.0,1490.0,11000
2020-12-21,1092.9853515625,1452.5,1452.5,1452.5,1452.5,0
2020-12-22,1166.3524169921875,1550.0,1550.0,1452.5,1452.5,20000
2020-12-23,1166.3524169921875,1550.0,1550.0,1550.0,1550.0,0
2020-12-28,1087.3416748046875,1445.0,1540.0,1442.5,1520.0,807000
2020-12-29,1085.46044921875,1442.5,1445.0,1400.0,1445.0,16000
2020-12-30,1164.471435546875,1547.5,1547.5,1417.5,1442.5,163000
2021-01-04,1164.471435546875,1547.5,1547.5,1547.5,1547.5,1000
2021-01-05,1164.471435546875,1547.5,1547.5,1545.0,1547.5,96000
2021-01-06,1164.471435546875,1547.5,1547.5,1547.5,1547.5,1000
2021-01-07,1164.471435546875,1547.5,1547.5,1547.5,1547.5,74000
2021-01-08,1203.976806640625,1600.0,1600.0,1547.5,1547.5,30000
2021-01-11,1203.976806640625,1600.0,1600.0,1600.0,1600.0,0
2021-01-12,1203.976806640625,1600.0,1600.0,1600.0,1600.0,2000
2021-01-13,1196.451904296875,1590.0,1590.0,1590.0,1590.0,8000
2021-01-14,1194.5706787109375,1587.5,1590.0,1587.5,1590.0,2000
2021-01-15,1203.976806640625,1600.0,1600.0,1525.0,1570.0,160000
2021-01-18,1188.9271240234375,1580.0,1597.5,1580.0,1597.5,5000
2021-01-19,1166.3524169921875,1550.0,1560.0,1550.0,1560.0,19000
2021-01-20,1173.877197265625,1560.0,1580.0,1552.5,1552.5,10000
2021-01-21,1173.877197265625,1560.0,1560.0,1560.0,1560.0,70000
2021-01-22,1173.877197265625,1560.0,1560.0,1560.0,1560.0,0
2021-01-25,1173.877197265625,1560.0,1560.0,1560.0,1560.0,0
2021-01-26,1143.7779541015625,1520.0,1560.0,1520.0,1555.0,4000
2021-01-27,1173.877197265625,1560.0,1570.0,1520.0,1520.0,26000
2021-01-28,1106.1536865234375,1470.0,1560.0,1470.0,1560.0,50000
2021-01-29,1091.10400390625,1450.0,1590.0,1450.0,1470.0,120000
2021-02-01,1091.10400390625,1450.0,1450.0,1450.0,1450.0,0
2021-02-02,1091.10400390625,1450.0,1450.0,1450.0,1450.0,2000
2021-02-03,1091.10400390625,1450.0,1450.0,1450.0,1450.0,5000
2021-02-04,1091.10400390625,1450.0,1450.0,1450.0,1450.0,1000
2021-02-05,1106.1536865234375,1470.0,1470.0,1470.0,1470.0,2000
2021-02-08,1064.76708984375,1415.0,1467.5,1415.0,1467.5,20000
2021-02-09,1051.5985107421875,1397.5,1415.0,1397.5,1397.5,95000
2021-02-10,1053.4798583984375,1400.0,1400.0,1400.0,1400.0,10000
2021-02-11,1053.4798583984375,1400.0,1400.0,1400.0,1400.0,0
2021-02-15,1045.9549560546875,1390.0,1390.0,1375.0,1375.0,3000
2021-02-16,1045.9549560546875,1390.0,1390.0,1390.0,1390.0,0
2021-02-17,1053.4798583984375,1400.0,1400.0,1332.5,1350.0,33000
2021-02-18,1053.4798583984375,1400.0,1400.0,1400.0,1400.0,0
2021-02-19,1053.4798583984375,1400.0,1400.0,1400.0,1400.0,0
2021-02-22,1053.4798583984375,1400.0,1400.0,1400.0,1400.0,2000
2021-02-23,980.1122436523438,1302.5,1400.0,1302.5,1400.0,586000
2021-02-24,998.9244384765625,1327.5,1342.5,1325.0,1325.0,25000
2021-02-25,997.043212890625,1325.0,1325.0,1325.0,1325.0,3000
2021-02-26,1015.85546875,1350.0,1375.0,1322.5,1322.5,94000
2021-03-01,1015.85546875,1350.0,1350.0,1350.0,1350.0,0
2021-03-02,1015.85546875,1350.0,1350.0,1350.0,1350.0,0
2021-03-03,1051.5985107421875,1397.5,1397.5,1397.5,1397.5,3000
2021-03-04,1051.5985107421875,1397.5,1397.5,1397.5,1397.5,4000
2021-03-05,978.2310791015625,1300.0,1300.0,1300.0,1300.0,54000
2021-03-08,921.7947387695312,1225.0,1275.0,1220.0,1275.0,159000
2021-03-09,978.2310791015625,1300.0,1300.0,1225.0,1225.0,94000
2021-03-10,978.2310791015625,1300.0,1300.0,1300.0,1300.0,5000
2021-03-12,1023.3801879882812,1360.0,1360.0,1300.0,1325.0,105000
2021-03-15,978.2310791015625,1300.0,1360.0,1300.0,1360.0,17000
2021-03-16,978.2310791015625,1300.0,1300.0,1300.0,1300.0,1000
2021-03-17,976.3497924804688,1297.5,1297.5,1297.5,1297.5,5000
2021-03-18,963.1813354492188,1280.0,1300.0,1280.0,1297.5,5000
2021-03-19,940.6068115234375,1250.0,1265.0,1250.0,1260.0,44000
2021-03-22,940.6068115234375,1250.0,1250.0,1250.0,1250.0,1000
2021-03-23,940.6068115234375,1250.0,1250.0,1250.0,1250.0,6000
2021-03-24,938.7256469726562,1247.5,1247.5,1247.5,1247.5,30000
2021-03-25,938.7256469726562,1247.5,1247.5,1247.5,1247.5,0
2021-03-26,938.7256469726562,1247.5,1247.5,1247.5,1247.5,0
2021-03-29,938.7256469726562,1247.5,1247.5,1247.5,1247.5,2000
2021-03-30,938.7256469726562,1247.5,1247.5,1247.5,1247.5,0
2021-03-31,938.7256469726562,1247.5,1247.5,1247.5,1247.5,13000
2021-04-01,940.6068115234375,1250.0,1250.0,1250.0,1250.0,6000
2021-04-05,938.7256469726562,1247.5,1250.0,1245.0,1250.0,17000
2021-04-06,938.7256469726562,1247.5,1247.5,1247.5,1247.5,0
2021-04-07,940.6068115234375,1250.0,1250.0,1250.0,1250.0,1000
2021-04-08,940.6068115234375,1250.0,1250.0,1250.0,1250.0,8000
2021-04-09,933.0818481445312,1240.0,1250.0,1240.0,1250.0,12000
2021-04-12,923.6759643554688,1227.5,1240.0,1227.5,1240.0,9000
2021-04-13,923.6759643554688,1227.5,1227.5,1227.5,1227.5,2000
2021-04-14,904.8638305664062,1202.5,1250.0,1200.0,1250.0,19000
2021-04-15,940.6068115234375,1250.0,1250.0,1200.0,1202.5,147000
2021-04-16,925.5570678710938,1230.0,1250.0,1230.0,1250.0,22000
2021-04-19,925.5570678710938,1230.0,1230.0,1230.0,1230.0,15000
2021-04-20,914.2698364257812,1215.0,1230.0,1215.0,1230.0,3000
2021-04-21,944.3693237304688,1255.0,1255.0,1200.0,1207.5,148000
2021-04-22,948.1316528320312,1260.0,1260.0,1250.0,1250.0,104000
2021-04-23,955.6565551757812,1270.0,1270.0,1242.5,1250.0,190000
2021-04-26,1008.33056640625,1340.0,1355.0,1247.5,1260.0,469000
2021-04-27,1128.728271484375,1500.0,1600.0,1315.0,1315.0,541000
2021-04-28,1091.10400390625,1450.0,1517.5,1430.0,1500.0,477000
2021-04-29,1061.0047607421875,1410.0,1457.5,1410.0,1450.0,366000
2021-04-30,1094.8663330078125,1455.0,1455.0,1392.5,1410.0,386000
2021-05-03,1106.1536865234375,1470.0,1480.0,1410.0,1455.0,330000
2021-05-04,1076.0543212890625,1430.0,1470.0,1405.0,1470.0,859000
2021-05-05,1076.0543212890625,1430.0,1440.0,1407.5,1437.5,240000
2021-05-06,1064.76708984375,1415.0,1475.0,1410.0,1472.5,252000
2021-05-07,1076.0543212890625,1430.0,1430.0,1415.0,1415.0,462000
2021-05-10,1077.9354248046875,1432.5,1432.5,1410.0,1427.5,210000
2021-05-11,1068.529296875,1420.0,1430.0,1415.0,1420.0,561000
2021-05-17,1070.4105224609375,1422.5,1447.5,1420.0,1422.5,495000
2021-05-18,1068.529296875,1420.0,1435.0,1415.0,1435.0,562000
2021-05-19,1068.529296875,1420.0,1480.0,1420.0,1420.0,501000
2021-05-20,1057.241943359375,1405.0,1425.0,1405.0,1422.5,170000
2021-05-21,1083.5789794921875,1440.0,1455.0,1405.0,1405.0,892000
2021-05-24,1158.82763671875,1540.0,1560.0,1450.0,1450.0,1371000
2021-05-25,1140.015625,1515.0,1595.0,1502.5,1550.0,1549000
2021-05-27,1141.8968505859375,1517.5,1572.5,1515.0,1517.5,2198000
2021-05-28,1143.7779541015625,1520.0,1542.5,1507.5,1530.0,2006000
2021-05-31,1163.201416015625,1415.0,1500.0,1415.0,1500.0,275000
2021-06-02,1163.201416015625,1415.0,1450.0,1345.0,1412.5,1035000
2021-06-03,1136.4847412109375,1382.5,1420.0,1380.0,1415.0,1318000
2021-06-04,1138.539794921875,1385.0,1387.5,1370.0,1385.0,349000
2021-06-07,1124.1541748046875,1367.5,1387.5,1362.5,1385.0,547000
2021-06-08,1117.9886474609375,1360.0,1377.5,1357.5,1367.5,166000
2021-06-09,1117.9886474609375,1360.0,1385.0,1360.0,1362.5,368000
2021-06-10,1120.04345703125,1362.5,1385.0,1362.5,1385.0,31000
2021-06-11,1138.539794921875,1385.0,1445.0,1380.0,1385.0,1376000
2021-06-14,1165.2567138671875,1417.5,1435.0,1380.0,1385.0,651000
2021-06-15,1144.705322265625,1392.5,1425.0,1380.0,1410.0,403000
2021-06-16,1150.87060546875,1400.0,1405.0,1362.5,1392.5,1135000
2021-06-17,1159.091064453125,1410.0,1415.0,1380.0,1380.0,873000
2021-06-18,1150.87060546875,1400.0,1422.5,1380.0,1402.5,1032000
2021-06-21,1130.3193359375,1375.0,1390.0,1335.0,1382.5,1266000
2021-06-22,1134.4298095703125,1380.0,1410.0,1372.5,1407.5,1232000
2021-06-23,1159.091064453125,1410.0,1412.5,1380.0,1397.5,874000
2021-06-24,1134.4298095703125,1380.0,1415.0,1370.0,1415.0,1040000
2021-06-25,1136.4847412109375,1382.5,1410.0,1380.0,1407.5,1019000
2021-06-28,1134.4298095703125,1380.0,1410.0,1375.0,1382.5,323000
2021-06-29,1122.098876953125,1365.0,1397.5,1362.5,1380.0,483000
2021-06-30,1117.9886474609375,1360.0,1385.0,1357.5,1385.0,118000
2021-07-01,1117.9886474609375,1360.0,1380.0,1355.0,1380.0,97000
2021-07-02,1111.8231201171875,1352.5,1380.0,1350.0,1360.0,652000
2021-07-05,1117.9886474609375,1360.0,1372.5,1357.5,1360.0,693000
2021-07-06,1146.76025390625,1395.0,1410.0,1357.5,1370.0,1775000
2021-07-07,1134.4298095703125,1380.0,1395.0,1352.5,1395.0,1144000
2021-07-08,1132.3743896484375,1377.5,1377.5,1355.0,1365.0,1259000
2021-07-09,1132.3743896484375,1377.5,1377.5,1352.5,1377.5,783000
2021-07-12,1124.1541748046875,1367.5,1390.0,1365.0,1377.5,1320000
2021-07-13,1115.93359375,1357.5,1375.0,1357.5,1375.0,848000
2021-07-14,1109.7681884765625,1350.0,1382.5,1350.0,1382.5,791000
2021-07-15,1111.8231201171875,1352.5,1365.0,1345.0,1365.0,780000
2021-07-16,1120.04345703125,1362.5,1372.5,1350.0,1350.0,795000
2021-07-19,1130.3193359375,1375.0,1392.5,1362.5,1370.0,842000
2021-07-21,1130.3193359375,1375.0,1407.5,1367.5,1375.0,1083000
2021-07-22,1134.4298095703125,1380.0,1397.5,1370.0,1370.0,1305000
2021-07-23,1138.539794921875,1385.0,1400.0,1372.5,1392.5,1336000
2021-07-26,1140.5948486328125,1387.5,1402.5,1385.0,1397.5,1582000
2021-07-27,1152.925537109375,1402.5,1410.0,1390.0,1400.0,2166000
2021-07-28,1159.091064453125,1410.0,1410.0,1397.5,1407.5,1196000
2021-07-29,1191.97314453125,1450.0,1450.0,1407.5,1415.0,1883000
2021-07-30,1183.75244140625,1440.0,1480.0,1425.0,1470.0,1070000
2021-08-02,1183.75244140625,1440.0,1477.5,1430.0,1477.5,2303000
2021-08-03,1204.3038330078125,1465.0,1492.5,1435.0,1440.0,2090000
2021-08-04,1216.634521484375,1480.0,1482.5,1462.5,1480.0,2573000
2021-08-05,1224.8551025390625,1490.0,1510.0,1477.5,1495.0,2714000
2021-08-06,1228.965576171875,1495.0,1500.0,1475.0,1490.0,1973000
2021-08-09,1231.020263671875,1497.5,1510.0,1480.0,1495.0,2415000
2021-08-10,1233.0755615234375,1500.0,1505.0,1475.0,1500.0,728000
2021-08-12,1239.240966796875,1507.5,1507.5,1482.5,1500.0,2775000
2021-08-13,1233.0755615234375,1500.0,1525.0,1495.0,1507.5,1628000
2021-08-16,1241.296142578125,1510.0,1515.0,1492.5,1500.0,2043000
2021-08-18,1231.020263671875,1497.5,1512.5,1495.0,1510.0,969000
2021-08-19,1228.965576171875,1495.0,1502.5,1492.5,1497.5,1062000
2021-08-20,1226.910400390625,1492.5,1500.0,1450.0,1490.0,439000
2021-08-23,1233.0755615234375,1500.0,1507.5,1480.0,1492.5,1533000
2021-08-24,1218.6898193359375,1482.5,1500.0,1482.5,1500.0,1048000
2021-08-25,1233.0755615234375,1500.0,1502.5,1480.0,1485.0,855000
2021-08-26,1233.0755615234375,1500.0,1500.0,1480.0,1500.0,1173000
2021-08-27,1218.6898193359375,1482.5,1492.5,1480.0,1492.5,301000
2021-08-30,1208.4141845703125,1470.0,1495.0,1470.0,1480.0,460000
2021-08-31,1218.6898193359375,1482.5,1490.0,1467.5,1470.0,153000
2021-09-01,1216.634521484375,1480.0,1487.5,1472.5,1482.5,298000
2021-09-02,1214.5794677734375,1477.5,1500.0,1477.5,1482.5,872000
2021-09-03,1216.634521484375,1480.0,1520.0,1477.5,1480.0,1647000
2021-09-06,1214.5794677734375,1477.5,1500.0,1477.5,1500.0,572000
2021-09-07,1212.5245361328125,1475.0,1482.5,1470.0,1480.0,293000
2021-09-08,1212.5245361328125,1475.0,1482.5,1470.0,1477.5,228000
2021-09-09,1159.091064453125,1410.0,1487.5,1397.5,1475.0,1071000
2021-09-10,1191.97314453125,1450.0,1450.0,1410.0,1410.0,106000
2021-09-13,1200.193603515625,1460.0,1475.0,1455.0,1455.0,253000
2021-09-14,1214.5794677734375,1477.5,1490.0,1465.0,1465.0,159000
2021-09-15,1231.020263671875,1497.5,1500.0,1477.5,1485.0,223000
2021-09-16,1239.240966796875,1507.5,1520.0,1495.0,1520.0,210000
2021-09-17,1243.351318359375,1512.5,1512.5,1480.0,1505.0,222000
2021-09-20,1241.296142578125,1510.0,1512.5,1485.0,1512.5,222000
2021-09-21,1247.4615478515625,1517.5,1517.5,1480.0,1485.0,445000
2021-09-22,1249.5167236328125,1520.0,1520.0,1495.0,1515.0,835000
2021-09-23,1307.0601806640625,1590.0,1650.0,1530.0,1530.0,541000
2021-09-24,1432.4229736328125,1742.5,1797.5,1590.0,1590.0,1855000
2021-09-27,1504.352294921875,1830.0,1837.5,1750.0,1750.0,2337000
2021-09-28,1755.0777587890625,2135.0,2180.0,1850.0,1850.0,6034000
2021-09-29,2088.00830078125,2540.0,2555.0,2135.0,2145.0,8148000
2021-09-30,2420.9384765625,2945.0,3025.0,2547.5,2550.0,6473000
2021-10-01,2252.418212890625,2740.0,3000.0,2740.0,2970.0,3080000
2021-10-04,2246.252685546875,2732.5,3000.0,2697.5,2740.0,2930000
2021-10-05,2297.631103515625,2795.0,2970.0,2750.0,2750.0,3758000
2021-10-06,2371.61572265625,2885.0,2922.5,2800.0,2815.0,2518000
2021-10-07,2383.9462890625,2900.0,2905.0,2757.5,2875.0,2654000
2021-10-08,2359.284912109375,2870.0,2905.0,2840.0,2900.0,1386000
2021-10-11,2351.06396484375,2860.0,2895.0,2850.0,2880.0,767000
2021-10-12,2383.9462890625,2900.0,2910.0,2862.5,2862.5,1060000
2021-10-13,2326.40283203125,2830.0,2900.0,2800.0,2900.0,546000
2021-10-14,2334.622802734375,2840.0,2877.5,2827.5,2827.5,1590000
2021-10-15,2330.513427734375,2835.0,2857.5,2835.0,2842.5,1409000
2021-10-18,2305.85107421875,2805.0,2840.0,2740.0,2835.0,970000
2021-10-19,2277.07958984375,2770.0,2805.0,2760.0,2805.0,485000
2021-10-21,2159.937744140625,2627.5,2770.0,2625.0,2770.0,677000
2021-10-22,2096.228271484375,2550.0,2627.5,2460.0,2627.5,594000
2021-10-25,2170.213134765625,2640.0,2650.0,2560.0,2560.0,278000
2021-10-26,2186.654296875,2660.0,2755.0,2650.0,2650.0,832000
2021-10-27,2178.43359375,2650.0,2662.5,2645.0,2660.0,357000
2021-10-28,2178.43359375,2650.0,2662.5,2600.0,2650.0,733000
2021-10-29,2137.330810546875,2600.0,2652.5,2590.0,2650.0,708000
2021-11-01,2108.5595703125,2565.0,2600.0,2565.0,2600.0,266000
2021-11-02,1985.251708984375,2415.0,2562.5,2415.0,2562.5,300000
2021-11-03,2020.1888427734375,2457.5,2480.0,2350.0,2405.0,685000
2021-11-04,2135.275634765625,2597.5,2650.0,2502.5,2505.0,373000
2021-11-05,2137.330810546875,2600.0,2620.0,2595.0,2597.5,255000
2021-11-08,2122.9453125,2582.5,2605.0,2580.0,2605.0,514000
2021-11-09,2137.330810546875,2600.0,2600.0,2580.0,2585.0,692000
2021-11-10,2122.9453125,2582.5,2697.5,2580.0,2600.0,667000
2021-11-11,2135.275634765625,2597.5,2600.0,2580.0,2582.5,901000
2021-11-12,2137.330810546875,2600.0,2602.5,2542.5,2597.5,688000
2021-11-15,2131.165283203125,2592.5,2647.5,2550.0,2647.5,560000
2021-11-16,2135.275634765625,2597.5,2600.0,2580.0,2580.0,791000
2021-11-17,2137.330810546875,2600.0,2625.0,2595.0,2600.0,798000
2021-11-18,2129.110595703125,2590.0,2600.0,2580.0,2600.0,641000
2021-11-19,2137.330810546875,2600.0,2600.0,2580.0,2590.0,306000
2021-11-22,2137.330810546875,2600.0,2602.5,2580.0,2590.0,841000
2021-11-23,2137.330810546875,2600.0,2602.5,2590.0,2600.0,717000
2021-11-24,2153.772216796875,2620.0,2695.0,2590.0,2600.0,537000
2021-11-25,2166.1025390625,2635.0,2640.0,2615.0,2640.0,238000
2021-11-26,2157.8828125,2625.0,2640.0,2577.5,2635.0,973000
2021-11-29,2166.1025390625,2635.0,2700.0,2580.0,2625.0,862000
2021-11-30,2272.969482421875,2765.0,2890.0,2617.5,2635.0,781000
2021-12-01,2272.969482421875,2765.0,2767.5,2577.5,2765.0,927000
2021-12-02,2275.0244140625,2767.5,2800.0,2660.0,2750.0,811000
2021-12-03,2235.977294921875,2720.0,2750.0,2682.5,2747.5,1079000
2021-12-06,2182.543701171875,2655.0,2825.0,2650.0,2720.0,719000
2021-12-07,2135.275634765625,2597.5,2722.5,2597.5,2680.0,864000
2021-12-08,2153.772216796875,2620.0,2650.0,2587.5,2597.5,1233000
2021-12-09,2129.110595703125,2590.0,2650.0,2587.5,2620.0,441000
2021-12-10,2178.43359375,2650.0,2650.0,2585.0,2590.0,604000
2021-12-13,2180.489013671875,2652.5,2662.5,2640.0,2650.0,607000
2021-12-14,2182.543701171875,2655.0,2670.0,2620.0,2652.5,622000
2021-12-15,2170.213134765625,2640.0,2657.5,2637.5,2657.5,520000
2021-12-16,2137.330810546875,2600.0,2642.5,2600.0,2640.0,260000
2021-12-17,2219.536376953125,2700.0,2700.0,2602.5,2602.5,839000
2021-12-20,2219.536376953125,2700.0,2740.0,2665.0,2702.5,794000
2021-12-21,2194.87451171875,2670.0,2700.0,2637.5,2700.0,313000
2021-12-22,2219.536376953125,2700.0,2700.0,2650.0,2670.0,322000
2021-12-23,2184.59912109375,2657.5,2700.0,2595.0,2660.0,133000
2021-12-24,2211.3154296875,2690.0,2690.0,2647.5,2657.5,494000
2021-12-27,2211.3154296875,2690.0,2700.0,2690.0,2690.0,180000
2021-12-28,2178.43359375,2650.0,2690.0,2600.0,2690.0,294000
2021-12-29,2178.43359375,2650.0,2675.0,2635.0,2660.0,337000
2021-12-30,2219.536376953125,2700.0,2700.0,2630.0,2650.0,829000
2022-01-03,2153.772216796875,2620.0,2675.0,2620.0,2675.0,944000
2022-01-04,2178.43359375,2650.0,2650.0,2580.0,2620.0,1092000
2022-01-05,2172.268310546875,2642.5,2652.5,2625.0,2650.0,632000
2022-01-06,2161.99267578125,2630.0,2697.5,2622.5,2640.0,782000
2022-01-07,2157.8828125,2625.0,2660.0,2620.0,2650.0,1586000
2022-01-10,2157.8828125,2625.0,2670.0,2605.0,2605.0,930000
2022-01-11,2248.308349609375,2735.0,2735.0,2615.0,2627.5,497000
2022-01-12,2355.174560546875,2865.0,3037.5,2707.5,2735.0,1251000
2022-01-13,2425.049072265625,2950.0,2950.0,2710.0,2865.0,604000
2022-01-14,2505.198974609375,3047.5,3050.0,2890.0,2950.0,1187000
2022-01-17,2630.561279296875,3200.0,3375.0,3045.0,3047.5,1023000
2022-01-18,2642.89208984375,3215.0,3350.0,3175.0,3192.5,519000
2022-01-19,2702.49072265625,3287.5,3300.0,3200.0,3215.0,991000
2022-01-20,2854.570068359375,3472.5,3500.0,3250.0,3287.5,1137000
2022-01-21,2912.11376953125,3542.5,3550.0,3325.0,3450.0,981000
2022-01-24,3021.035400390625,3675.0,3680.0,3500.0,3542.5,1067000
2022-01-25,3035.421142578125,3692.5,3720.0,3600.0,3675.0,914000
2022-01-26,3021.035400390625,3675.0,3717.5,3650.0,3692.5,1141000
2022-01-27,3115.571533203125,3790.0,3900.0,3675.0,3675.0,569000
2022-01-28,3014.869873046875,3667.5,3900.0,3605.0,3790.0,1201000
2022-01-31,3025.1455078125,3680.0,3700.0,3532.5,3545.0,497000
2022-02-02,2984.042724609375,3630.0,3680.0,3522.5,3680.0,246000
2022-02-03,2918.279052734375,3550.0,3630.0,3535.0,3630.0,185000
2022-02-04,3068.303466796875,3732.5,3750.0,3550.0,3550.0,516000
2022-02-07,3132.011962890625,3810.0,3970.0,3700.0,3750.0,439000
2022-02-08,3039.53173828125,3697.5,3812.5,3650.0,3812.5,352000
2022-02-09,3082.68896484375,3750.0,3785.0,3677.5,3697.5,473000
2022-02-10,3033.3662109375,3690.0,3750.0,3675.0,3750.0,210000
2022-02-11,2959.3818359375,3600.0,3672.5,3600.0,3650.0,307000
2022-02-14,2996.373779296875,3645.0,3747.5,3575.0,3600.0,301000
2022-02-15,2951.160888671875,3590.0,3647.5,3565.0,3645.0,151000
2022-02-16,2949.10595703125,3587.5,3600.0,3585.0,3587.5,68000
2022-02-17,2926.49951171875,3560.0,3600.0,3560.0,3600.0,230000
2022-02-18,2908.00341796875,3537.5,3560.0,3532.5,3560.0,297000
2022-02-21,2908.00341796875,3537.5,3575.0,3537.5,3550.0,492000
2022-02-22,2959.3818359375,3600.0,3670.0,3532.5,3537.5,484000
2022-02-23,3041.58642578125,3700.0,3925.0,3600.0,3600.0,832000
2022-02-24,3041.58642578125,3700.0,3752.5,3637.5,3700.0,947000
2022-02-25,3086.799560546875,3755.0,3777.5,3705.0,3710.0,451000
2022-03-01,3086.799560546875,3755.0,3850.0,3752.5,3780.0,539000
2022-03-02,3201.886474609375,3895.0,3900.0,3792.5,3792.5,567000
2022-03-04,3430.005615234375,4172.5,4292.5,3895.0,3895.0,1007000
2022-03-07,3530.70654296875,4295.0,4487.5,4180.0,4180.0,912000
2022-03-08,3575.919189453125,4350.0,4400.0,4265.0,4295.0,850000
2022-03-09,3656.069580078125,4447.5,4500.0,4345.0,4350.0,549000
2022-03-10,3491.6591796875,4247.5,4492.5,4230.0,4440.0,860000
2022-03-11,3296.42236328125,4010.0,4390.0,4010.0,4222.5,610000
2022-03-14,3302.587646484375,4017.5,4085.0,3932.5,4050.0,335000
2022-03-15,3310.80810546875,4027.5,4150.0,3935.0,4017.5,566000
2022-03-16,3288.201416015625,4000.0,4197.5,3992.5,4035.0,451000
2022-03-17,3362.185791015625,4090.0,4100.0,3890.0,3997.5,404000
2022-03-18,3450.556640625,4197.5,4200.0,4000.0,4065.0,614000
2022-03-21,3403.28857421875,4140.0,4200.0,4115.0,4197.5,133000
2022-03-22,3452.612060546875,4200.0,4200.0,4105.0,4140.0,399000
2022-03-23,3450.556640625,4197.5,4200.0,4175.0,4200.0,346000
2022-03-24,3421.78466796875,4162.5,4200.0,4157.5,4197.5,261000
2022-03-25,3450.556640625,4197.5,4200.0,4140.0,4162.5,238000
2022-03-28,3450.556640625,4197.5,4200.0,4192.5,4197.5,208000
2022-03-29,3448.501708984375,4195.0,4200.0,4175.0,4197.5,195000
2022-03-30,3430.005615234375,4172.5,4200.0,4150.0,4195.0,41000
2022-03-31,3563.5888671875,4335.0,4350.0,4172.5,4172.5,1060000
2022-04-01,3575.919189453125,4350.0,4350.0,4307.5,4340.0,372000
2022-04-04,3600.5810546875,4380.0,4390.0,4300.0,4350.0,337000
2022-04-05,3534.81689453125,4300.0,4380.0,4280.0,4380.0,54000
2022-04-06,3534.81689453125,4300.0,4387.5,4300.0,4300.0,231000
2022-04-07,3540.982177734375,4307.5,4387.5,4295.0,4307.5,208000
2022-04-08,3596.470458984375,4375.0,4377.5,4305.0,4307.5,159000
2022-04-11,3614.966796875,4397.5,4440.0,4380.0,4385.0,284000
2022-04-12,3516.321044921875,4277.5,4400.0,4210.0,4400.0,301000
2022-04-13,3534.81689453125,4300.0,4300.0,4197.5,4277.5,222000
2022-04-14,3551.2578125,4320.0,4350.0,4210.0,4300.0,291000
2022-04-18,3534.81689453125,4300.0,4325.0,4287.5,4325.0,308000
2022-04-19,3493.71435546875,4250.0,4310.0,4225.0,4310.0,97000
2022-04-20,3549.202880859375,4317.5,4337.5,4220.0,4300.0,247000
2022-04-21,3469.052734375,4220.0,4335.0,4200.0,4317.5,153000
2022-04-22,3477.2734375,4230.0,4242.5,4200.0,4222.5,131000
2022-04-25,3411.509521484375,4150.0,4232.5,4145.0,4232.5,163000
2022-04-26,3452.612060546875,4200.0,4332.5,4150.0,4150.0,235000
2022-04-27,3452.612060546875,4200.0,4297.5,4195.0,4200.0,222000
2022-04-28,3493.71435546875,4250.0,4280.0,4195.0,4225.0,401000
2022-05-09,3894.464111328125,4737.5,4775.0,4250.0,4260.0,712000
2022-05-10,3699.22705078125,4500.0,4985.0,4500.0,4737.5,1211000
2022-05-11,3814.313720703125,4640.0,4700.0,4500.0,4500.0,485000
2022-05-12,3658.124267578125,4450.0,4800.0,4450.0,4800.0,977000
2022-05-13,3715.66796875,4520.0,4600.0,4450.0,4450.0,288000
2022-05-17,3781.43212890625,4600.0,4600.0,4520.0,4530.0,436000
2022-05-18,3781.43212890625,4600.0,4700.0,4597.5,4600.0,467000
2022-05-19,3736.218994140625,4545.0,4670.0,4542.5,4600.0,322000
2022-05-20,3818.424072265625,4645.0,4700.0,4540.0,4547.5,563000
2022-05-23,4297.2685546875,5227.5,5300.0,4655.0,4655.0,1538000
2022-05-24,4256.16552734375,5177.5,5350.0,5062.5,5250.0,818000
2022-05-25,4340.42626953125,5280.0,5290.0,5177.5,5177.5,632000
2022-05-27,4471.95458984375,5440.0,6000.0,5225.0,5300.0,1409000
2022-05-30,4727.84814453125,5290.0,5500.0,5180.0,5440.0,702000
2022-05-31,4806.0498046875,5377.5,5680.0,5285.0,5287.5,245000
2022-06-02,4841.798828125,5417.5,5500.0,5375.0,5377.5,447000
2022-06-03,4870.8447265625,5450.0,5455.0,5392.5,5440.0,1085000
2022-06-06,4859.67333984375,5437.5,5450.0,5432.5,5450.0,207000
2022-06-07,4859.67333984375,5437.5,5450.0,5420.0,5430.0,402000
2022-06-08,4911.0634765625,5495.0,6000.0,5437.5,5437.5,370000
2022-06-09,5264.087890625,5890.0,6200.0,5490.0,5495.0,855000
2022-06-10,5898.63818359375,6600.0,6700.0,5945.0,5945.0,832000
2022-06-13,5967.90283203125,6677.5,6900.0,6560.0,6600.0,1116000
2022-06-14,5967.90283203125,6677.5,6695.0,6497.5,6677.5,538000
2022-06-15,5621.58154296875,6290.0,6652.5,6290.0,6652.5,336000
2022-06-16,5753.40673828125,6437.5,6450.0,5990.0,6270.0,1072000
2022-06-17,5793.62451171875,6482.5,6500.0,6177.5,6437.5,808000
2022-06-20,5666.2666015625,6340.0,6482.5,6337.5,6482.5,287000
2022-06-21,5740.0,6422.5,6500.0,6340.0,6340.0,553000
2022-06-22,5724.35986328125,6405.0,6500.0,6375.0,6425.0,979000
2022-06-23,5719.89208984375,6400.0,6480.0,6297.5,6405.0,534000
2022-06-24,5737.76611328125,6420.0,6500.0,6397.5,6400.0,168000
2022-06-27,5800.32763671875,6490.0,6500.0,6380.0,6425.0,282000
2022-06-28,6338.80224609375,7092.5,7122.5,6490.0,6492.5,656000
2022-06-29,6702.99755859375,7500.0,7600.0,7080.0,7092.5,452000
2022-06-30,6966.64892578125,7795.0,8000.0,7560.0,7600.0,598000
2022-07-01,7042.6162109375,7880.0,8170.0,7795.0,7797.5,521000
2022-07-04,7105.17822265625,7950.0,7990.0,7520.0,7880.0,730000
2022-07-05,7149.86474609375,8000.0,8500.0,7950.0,8000.0,556000
2022-07-06,6825.88671875,7637.5,8200.0,7500.0,8050.0,327000
2022-07-07,6546.59423828125,7325.0,7637.5,7300.0,7637.5,378000
2022-07-08,6296.34912109375,7045.0,7330.0,6947.5,7325.0,376000
2022-07-11,6479.564453125,7250.0,7600.0,7045.0,7045.0,433000
2022-07-12,6434.87841796875,7200.0,7500.0,6982.5,7350.0,452000
2022-07-13,6345.5048828125,7100.0,7397.5,7050.0,7200.0,517000
2022-07-14,6466.1591796875,7235.0,7240.0,7087.5,7100.0,120000
2022-07-15,6356.6767578125,7112.5,7237.5,7050.0,7237.5,98000
2022-07-18,5912.0439453125,6615.0,7112.5,6615.0,7112.5,782000
2022-07-19,5912.0439453125,6615.0,6872.5,6600.0,6630.0,302000
2022-07-20,5918.7470703125,6622.5,6750.0,6615.0,6642.5,191000
2022-07-21,5918.7470703125,6622.5,6657.5,6615.0,6617.5,84000
2022-07-22,5907.5751953125,6610.0,6645.0,6600.0,6622.5,184000
2022-07-25,5914.2783203125,6617.5,6650.0,6600.0,6610.0,173000
2022-07-26,5903.10693359375,6605.0,6617.5,6600.0,6617.5,62000
2022-07-27,5981.30859375,6692.5,6700.0,6605.0,6605.0,157000
2022-07-28,6077.384765625,6800.0,6850.0,6670.0,6697.5,138000
2022-07-29,6075.150390625,6797.5,6890.0,6740.0,6800.0,160000
2022-08-01,6086.32177734375,6810.0,6890.0,6640.0,6797.5,165000
2022-08-02,5996.94873046875,6710.0,6810.0,6700.0,6810.0,98000
2022-08-03,5988.0107421875,6700.0,6710.0,6642.5,6710.0,265000
2022-08-04,5898.63818359375,6600.0,6720.0,6600.0,6700.0,356000
2022-08-05,5907.5751953125,6610.0,6622.5,6597.5,6600.0,188000
2022-08-08,5943.32421875,6650.0,6650.0,6600.0,6600.0,222000
2022-08-09,5943.32421875,6650.0,6652.5,6607.5,6650.0,194000
2022-08-10,5907.5751953125,6610.0,6655.0,6610.0,6650.0,106000
2022-08-11,5907.5751953125,6610.0,6650.0,6610.0,6610.0,69000
2022-08-12,5907.5751953125,6610.0,6750.0,6605.0,6650.0,104000
2022-08-15,5900.8720703125,6602.5,6610.0,6600.0,6610.0,113000
2022-08-16,5880.76318359375,6580.0,6605.0,6580.0,6605.0,88000
2022-08-18,5880.76318359375,6580.0,6600.0,6580.0,6580.0,25000
2022-08-19,5880.76318359375,6580.0,6585.0,6557.5,6585.0,94000
2022-08-22,5815.9677734375,6507.5,6580.0,6507.5,6580.0,90000
2022-08-23,5735.53125,6417.5,6507.5,6400.0,6507.5,245000
2022-08-24,5941.09033203125,6647.5,6700.0,6300.0,6417.5,361000
2022-08-25,5851.716796875,6547.5,6647.5,6547.5,6647.5,35000
2022-08-26,5809.2646484375,6500.0,6540.0,6500.0,6540.0,34000
2022-08-29,5733.29736328125,6415.0,6500.0,6415.0,6500.0,14000
2022-08-30,5679.673828125,6355.0,6415.0,6350.0,6415.0,130000
2022-08-31,5686.376953125,6362.5,6395.0,6355.0,6355.0,23000
2022-09-01,5842.77978515625,6537.5,6612.5,6362.5,6362.5,96000
2022-09-02,5938.8564453125,6645.0,6645.0,6500.0,6537.5,155000
2022-09-05,5988.0107421875,6700.0,6747.5,6645.0,6645.0,278000
2022-09-06,6077.384765625,6800.0,6820.0,6607.5,6777.5,117000
2022-09-07,5992.4794921875,6705.0,6810.0,6700.0,6800.0,70000
2022-09-08,5900.8720703125,6602.5,6705.0,6602.5,6705.0,89000
2022-09-09,5896.4033203125,6597.5,6602.5,6550.0,6602.5,83000
2022-09-12,5838.31103515625,6532.5,6600.0,6532.5,6600.0,113000
2022-09-13,5943.32421875,6650.0,6650.0,6535.0,6535.0,39000
2022-09-14,5845.013671875,6540.0,6660.0,6537.5,6650.0,80000
2022-09-15,5920.9814453125,6625.0,6647.5,6537.5,6537.5,167000
2022-09-16,5916.51318359375,6620.0,6897.5,6510.0,6897.5,122000
2022-09-19,5912.0439453125,6615.0,6652.5,6500.0,6620.0,178000
2022-09-20,5829.3740234375,6522.5,6615.0,6522.5,6615.0,30000
2022-09-21,5836.076171875,6530.0,6530.0,6510.0,6522.5,96000
2022-09-22,5871.826171875,6570.0,6765.0,6500.0,6525.0,185000
2022-09-23,5845.013671875,6540.0,6580.0,6537.5,6572.5,144000
2022-09-26,5853.95166015625,6550.0,6650.0,6540.0,6550.0,225000
2022-09-27,5853.95166015625,6550.0,6690.0,6550.0,6650.0,480000
2022-09-28,5985.77783203125,6697.5,6700.0,6550.0,6550.0,71000
2022-09-29,5898.63818359375,6600.0,6700.0,6600.0,6697.5,221000
2022-09-30,5988.0107421875,6700.0,6700.0,6552.5,6600.0,192000
2022-10-03,5909.81005859375,6612.5,6700.0,6600.0,6700.0,173000
2022-10-04,5974.60546875,6685.0,6700.0,6597.5,6612.5,332000
2022-10-05,6005.88623046875,6720.0,6810.0,6682.5,6685.0,301000
2022-10-06,6014.82373046875,6730.0,6750.0,6655.0,6720.0,338000
2022-10-07,6050.5732421875,6770.0,6787.5,6687.5,6730.0,297000
2022-10-10,6101.9619140625,6827.5,6840.0,6767.5,6770.0,273000
2022-10-11,6146.64892578125,6877.5,6880.0,6792.5,6820.0,388000
2022-10-12,6341.03662109375,7095.0,8000.0,6880.0,6880.0,448000
2022-10-13,6517.54833984375,7292.5,7350.0,7075.0,7095.0,303000
2022-10-14,6463.92431640625,7232.5,7450.0,7152.5,7292.5,244000
2022-10-17,6488.50146484375,7260.0,7290.0,7210.0,7290.0,223000
2022-10-18,6486.267578125,7257.5,7270.0,7250.0,7262.5,333000
2022-10-19,6423.70556640625,7187.5,7257.5,7100.0,7257.5,196000
2022-10-20,6363.37939453125,7120.0,7185.0,7120.0,7180.0,71000
2022-10-21,6345.5048828125,7100.0,7120.0,7100.0,7120.0,169000
2022-10-24,6271.771484375,7017.5,7100.0,7015.0,7100.0,50000
2022-10-25,6300.81787109375,7050.0,7250.0,7017.5,7017.5,147000
2022-10-26,6341.03662109375,7095.0,7130.0,7075.0,7080.0,160000
2022-10-27,6325.39599609375,7077.5,7210.0,7077.5,7100.0,424000
2022-10-28,6443.8154296875,7210.0,7255.0,7077.5,7077.5,280000
2022-10-31,6568.9375,7350.0,7400.0,7280.0,7280.0,213000
2022-11-01,6524.251953125,7300.0,7362.5,7280.0,7350.0,198000
2022-11-02,6490.736328125,7262.5,7302.5,7262.5,7300.0,78000
2022-11-03,6515.3134765625,7290.0,7297.5,7187.5,7262.5,171000
2022-11-04,6515.3134765625,7290.0,7290.0,7280.0,7290.0,109000
2022-11-07,6551.06298828125,7330.0,7330.0,7210.0,7315.0,157000
2022-11-08,6486.267578125,7257.5,7350.0,7255.0,7330.0,115000
2022-11-09,6463.92431640625,7232.5,7257.5,7230.0,7257.5,131000
2022-11-10,6461.6904296875,7230.0,7232.5,7210.0,7232.5,538000
2022-11-11,6533.1884765625,7310.0,7310.0,7230.0,7232.5,145000
2022-11-14,6528.7197265625,7305.0,7320.0,7305.0,7310.0,357000
2022-11-15,6568.9375,7350.0,7397.5,7305.0,7305.0,96000
2022-11-16,6790.13720703125,7597.5,7687.5,7350.0,7350.0,224000
2022-11-17,7505.123046875,8397.5,8470.0,7595.0,7597.5,282000
2022-11-18,7712.91650390625,8630.0,8900.0,8272.5,8390.0,327000
2022-11-21,8222.34375,9200.0,9450.0,8655.0,8655.0,517000
2022-11-22,8271.5,9255.0,9750.0,9200.0,9200.0,624000
2022-11-23,8445.7763671875,9450.0,9700.0,9255.0,9255.0,488000
2022-11-24,8311.7177734375,9300.0,9700.0,9125.0,9437.5,247000
2022-11-25,8173.18896484375,9145.0,9300.0,9112.5,9300.0,67000
2022-11-28,8325.125,9315.0,9500.0,9145.0,9145.0,113000
2022-11-29,8253.625,9235.0,9500.0,9235.0,9315.0,108000
2022-11-30,8320.6552734375,9310.0,9312.5,9240.0,9240.0,33000
2022-12-01,8445.7763671875,9450.0,9700.0,9310.0,9310.0,260000
2022-12-02,10121.5263671875,11325.0,11325.0,9425.0,9675.0,2032000
2022-12-05,12132.42578125,13575.0,13575.0,11550.0,11700.0,1659900
2022-12-06,13070.8466796875,14625.0,16275.0,13575.0,13600.0,3473400
2022-12-07,13607.0859375,15225.0,15800.0,14600.0,14900.0,1579300
2022-12-08,13003.81640625,14550.0,15550.0,14175.0,15300.0,1289900
2022-12-09,12110.08203125,13550.0,14700.0,13550.0,14550.0,1314100
2022-12-12,11618.529296875,13000.0,13600.0,12625.0,13450.0,1222000
2022-12-13,11774.93359375,13175.0,13950.0,13000.0,13025.0,956100
2022-12-14,11886.6484375,13300.0,13625.0,13175.0,13250.0,940800
2022-12-15,11774.93359375,13175.0,13350.0,13000.0,13350.0,273800
2022-12-16,12467.576171875,13950.0,13950.0,13000.0,13175.0,675500
2022-12-19,12646.322265625,14150.0,14350.0,13600.0,14000.0,1095100
2022-12-20,15066.4150390625,16300.0,16950.0,13750.0,14000.0,2896500
2022-12-21,17053.701171875,18450.0,18500.0,16300.0,16325.0,3483500
2022-12-22,16683.974609375,18050.0,18650.0,17450.0,18500.0,2298000
2022-12-23,17169.240234375,18575.0,18850.0,17650.0,18000.0,1991200
2022-12-26,19017.8828125,20575.0,21700.0,18500.0,18550.0,2805600
2022-12-27,21629.0859375,23400.0,24325.0,20625.0,20625.0,7500800
2022-12-28,20127.064453125,21775.0,24800.0,21775.0,23550.0,5147600
2022-12-29,19156.529296875,20725.0,22775.0,20275.0,21775.0,4600200
2022-12-30,19410.716796875,21000.0,21475.0,19825.0,20725.0,2699500
2023-01-02,19641.798828125,21250.0,21775.0,20875.0,21000.0,1133500
2023-01-03,19688.01171875,21300.0,21675.0,21175.0,21300.0,814200
2023-01-04,19526.259765625,21125.0,21450.0,21100.0,21450.0,619900
2023-01-05,18463.291015625,19975.0,21250.0,19800.0,21125.0,2500600
2023-01-06,19017.8828125,20575.0,21550.0,19825.0,19975.0,1286700
2023-01-09,18786.80078125,20325.0,21300.0,20025.0,20675.0,997000
2023-01-10,19087.205078125,20650.0,20700.0,19975.0,20375.0,510500
2023-01-11,19087.205078125,20650.0,21050.0,20500.0,20675.0,571700
2023-01-12,18417.072265625,19925.0,20725.0,19675.0,20650.0,1059300
2023-01-13,18625.044921875,20150.0,20700.0,20000.0,20000.0,681600
2023-01-16,18578.830078125,20100.0,20250.0,19800.0,20250.0,691000
2023-01-17,18393.96484375,19900.0,20150.0,19900.0,20100.0,574800
2023-01-18,18555.720703125,20075.0,20250.0,19900.0,20000.0,690800
2023-01-19,18555.720703125,20075.0,20150.0,19900.0,20075.0,499100
2023-01-20,20034.6328125,21675.0,22025.0,19950.0,19950.0,1630200
2023-01-24,19387.609375,20975.0,22300.0,20700.0,21800.0,1015500
2023-01-25,19318.287109375,20900.0,21050.0,20500.0,20975.0,558400
2023-01-26,18463.291015625,19975.0,20850.0,19800.0,20850.0,1706800
2023-01-27,18486.39453125,20000.0,20400.0,19875.0,20000.0,841300
2023-01-30,18509.5078125,20025.0,20475.0,20000.0,20025.0,303200
2023-01-31,18578.830078125,20100.0,20150.0,19900.0,20025.0,547400
2023-02-01,18370.859375,19875.0,20100.0,19850.0,20100.0,388500
2023-02-02,18393.96484375,19900.0,20000.0,19500.0,19850.0,615500
2023-02-03,17562.076171875,19000.0,19900.0,18525.0,19875.0,1264300
2023-02-06,17330.998046875,18750.0,19000.0,18025.0,18800.0,591900
2023-02-07,17931.806640625,19400.0,19575.0,18750.0,18900.0,568200
2023-02-08,17723.833984375,19175.0,19800.0,19000.0,19525.0,632100
2023-02-09,17770.048828125,19225.0,19375.0,19050.0,19175.0,215600
2023-02-10,17423.427734375,18850.0,19225.0,18850.0,19100.0,318000
2023-02-13,17469.646484375,18900.0,19250.0,18775.0,18850.0,441500
2023-02-14,17469.646484375,18900.0,18950.0,18675.0,18900.0,375700
2023-02-15,17330.998046875,18750.0,19025.0,18675.0,18900.0,336600
2023-02-16,17354.103515625,18775.0,18800.0,18325.0,18750.0,444600
2023-02-17,17169.240234375,18575.0,18750.0,18500.0,18750.0,245900
2023-02-20,16915.0546875,18300.0,18575.0,18100.0,18550.0,227900
2023-02-21,17076.810546875,18475.0,18750.0,18300.0,18300.0,321400
2023-02-22,17169.240234375,18575.0,18675.0,18250.0,18525.0,365600
2023-02-23,17284.78125,18700.0,18775.0,18375.0,18575.0,311600
2023-02-24,17377.21484375,18800.0,18850.0,18500.0,18725.0,174800
2023-02-27,17538.970703125,18975.0,19200.0,18825.0,18825.0,285600
2023-02-28,17746.943359375,19200.0,19200.0,19000.0,19000.0,420700
2023-03-01,17330.998046875,18750.0,19300.0,18300.0,19200.0,377700
2023-03-02,17492.75390625,18925.0,18950.0,18750.0,18750.0,102200
2023-03-03,17515.861328125,18950.0,19050.0,18825.0,19050.0,169600
2023-03-06,17377.21484375,18800.0,19000.0,17625.0,18950.0,489800
2023-03-07,17192.3515625,18600.0,18800.0,18300.0,18800.0,249000
2023-03-08,17169.240234375,18575.0,18600.0,18350.0,18600.0,131200
2023-03-09,17261.673828125,18675.0,18700.0,18375.0,18575.0,147100
2023-03-10,17238.56640625,18650.0,18700.0,18450.0,18675.0,136200
2023-03-13,18070.453125,19550.0,20250.0,18400.0,18600.0,657800
2023-03-14,17746.943359375,19200.0,19600.0,18825.0,19550.0,388100
2023-03-15,17746.943359375,19200.0,19300.0,18950.0,19200.0,202600
2023-03-16,17654.509765625,19100.0,19200.0,18600.0,19200.0,221000
2023-03-17,18232.208984375,19725.0,19775.0,18900.0,19000.0,681500
2023-03-20,17885.587890625,19350.0,19725.0,19225.0,19725.0,203200
2023-03-21,17931.806640625,19400.0,19425.0,19075.0,19425.0,161500
2023-03-24,17978.021484375,19450.0,19500.0,19325.0,19400.0,253600
2023-03-27,17816.265625,19275.0,19550.0,19250.0,19500.0,142700
2023-03-28,17931.806640625,19400.0,19450.0,19100.0,19250.0,274500
2023-03-29,18393.96484375,19900.0,20000.0,19400.0,19400.0,564400
2023-03-30,19179.640625,20750.0,20925.0,19850.0,19900.0,720300
2023-03-31,19202.7421875,20775.0,20900.0,20100.0,20750.0,440300
2023-04-03,19318.287109375,20900.0,20900.0,20650.0,20775.0,307400
2023-04-04,19872.876953125,21500.0,21725.0,20825.0,21000.0,609600
2023-04-05,20011.525390625,21650.0,21650.0,21200.0,21500.0,196200
2023-04-06,19872.876953125,21500.0,21750.0,21300.0,21650.0,243900
2023-04-10,19872.876953125,21500.0,21725.0,21300.0,21500.0,161000
2023-04-11,19872.876953125,21500.0,21500.0,20275.0,21475.0,427000
2023-04-12,19225.853515625,20800.0,21500.0,20675.0,21500.0,282800
2023-04-13,18578.830078125,20100.0,20800.0,19600.0,20750.0,456100
2023-04-14,18625.044921875,20150.0,20300.0,19500.0,20100.0,161900
2023-04-17,18948.55859375,20500.0,20500.0,20000.0,20150.0,160800
2023-04-18,19225.853515625,20800.0,20900.0,20300.0,20500.0,271000
2023-04-26,19734.23046875,21350.0,21475.0,20600.0,20800.0,470100
2023-04-27,21213.140625,22950.0,23800.0,21350.0,21425.0,1369600
2023-04-28,19872.876953125,21500.0,23000.0,21350.0,22950.0,829400
2023-05-02,19618.6875,21225.0,21825.0,20825.0,21500.0,337000
2023-05-03,19225.853515625,20800.0,21400.0,20800.0,21225.0,324800
2023-05-04,19595.58203125,21200.0,21250.0,20150.0,20750.0,273300
2023-05-05,19110.3125,20675.0,21200.0,20525.0,21150.0,223700
2023-05-08,19110.3125,20675.0,20800.0,20275.0,20700.0,215200
2023-05-09,19137.74609375,20350.0,20675.0,20350.0,20675.0,148400
2023-05-10,19184.765625,20400.0,20650.0,20200.0,20500.0,212800
2023-05-11,18714.55078125,19900.0,20400.0,19850.0,20400.0,266500
2023-05-12,18267.845703125,19425.0,20100.0,19425.0,19900.0,230900
2023-05-15,17750.609375,18875.0,19475.0,18575.0,19425.0,254300
2023-05-16,18009.23046875,19150.0,19375.0,18525.0,18875.0,165500
2023-05-17,17774.12109375,18900.0,19325.0,18750.0,19150.0,169700
2023-05-19,17774.12109375,18900.0,19050.0,18650.0,18900.0,151200
2023-05-22,17844.65234375,18975.0,19125.0,18750.0,18825.0,97100
2023-05-23,17962.20703125,19100.0,19200.0,19000.0,19000.0,102600
2023-05-24,17891.677734375,19025.0,19200.0,19000.0,19175.0,104000
2023-05-25,17774.12109375,18900.0,19000.0,18725.0,18900.0,189400
2023-05-26,17068.80078125,18150.0,18875.0,18150.0,18875.0,286700
2023-05-29,16245.923828125,17275.0,18200.0,17275.0,18200.0,413600
2023-05-30,15117.408203125,16075.0,17475.0,16075.0,17275.0,461800
2023-05-31,14106.4453125,15000.0,16100.0,14950.0,16075.0,881700
2023-06-05,13847.8271484375,14725.0,15450.0,13950.0,15000.0,791100
2023-06-06,12601.7578125,13400.0,15725.0,13400.0,14725.0,1459300
2023-06-07,12601.7578125,13400.0,14200.0,13200.0,13450.0,977400
2023-06-08,12766.33203125,13575.0,13700.0,13325.0,13400.0,233800
2023-06-09,13354.1015625,14200.0,14250.0,13625.0,13625.0,307000
2023-06-12,14811.7685546875,15750.0,15800.0,14200.0,14200.0,620400
2023-06-13,15140.91796875,16100.0,16625.0,15750.0,15750.0,699400
2023-06-14,14764.7470703125,15700.0,16450.0,15250.0,16200.0,469000
2023-06-15,14905.810546875,15850.0,16050.0,15225.0,15725.0,283800
2023-06-16,14412.0859375,15325.0,16200.0,15325.0,16000.0,457300
2023-06-19,14341.552734375,15250.0,15800.0,15250.0,15350.0,145100
2023-06-20,14223.9990234375,15125.0,15400.0,14875.0,15250.0,161100
2023-06-21,14294.5322265625,15200.0,15300.0,14750.0,15200.0,361000
2023-06-22,14318.0419921875,15225.0,15450.0,15200.0,15200.0,54000
2023-06-23,14482.6162109375,15400.0,15400.0,15075.0,15225.0,232500
2023-06-26,15046.875,16000.0,16000.0,15100.0,15400.0,309100
2023-06-27,14576.6591796875,15500.0,16000.0,15500.0,16000.0,218200
2023-07-03,14717.7255859375,15650.0,15750.0,15450.0,15550.0,181900
2023-07-04,14553.1494140625,15475.0,15750.0,15400.0,15650.0,115000
2023-07-05,14576.6591796875,15500.0,15650.0,15300.0,15600.0,109500
2023-07-06,15046.875,16000.0,16300.0,15475.0,15500.0,276400
2023-07-07,15211.451171875,16175.0,16375.0,15875.0,16000.0,233000
2023-07-10,15376.0244140625,16350.0,16400.0,15900.0,16175.0,131300
2023-07-11,16645.607421875,17700.0,17700.0,16325.0,16325.0,423600
2023-07-12,16457.51953125,17500.0,17700.0,17000.0,17700.0,374600
2023-07-13,16927.734375,18000.0,18500.0,17225.0,17400.0,399400
2023-07-14,17680.078125,18800.0,18900.0,18050.0,18225.0,460600
2023-07-17,17586.03515625,18700.0,19700.0,18450.0,18800.0,548500
2023-07-18,17491.9921875,18600.0,19200.0,17875.0,18775.0,395000
2023-07-20,17586.03515625,18700.0,18900.0,18500.0,18700.0,156700
2023-07-21,17609.546875,18725.0,18900.0,18700.0,18725.0,156600
2023-07-24,18479.443359375,19650.0,20000.0,18750.0,18775.0,636800
2023-07-25,19560.9375,20800.0,21000.0,19675.0,19700.0,637600
2023-07-26,19725.513671875,20975.0,21900.0,20600.0,20800.0,731400
2023-07-27,19466.892578125,20700.0,21025.0,20500.0,20975.0,325400
2023-07-28,18644.017578125,19825.0,20650.0,19775.0,20650.0,500200
2023-07-31,18667.52734375,19850.0,20000.0,19700.0,19825.0,220000
2023-08-01,18244.3359375,19400.0,19850.0,19000.0,19850.0,314300
2023-08-02,17539.013671875,18650.0,19400.0,18650.0,19400.0,194900
2023-08-03,17209.86328125,18300.0,19025.0,18300.0,18650.0,429200
2023-08-04,16598.58203125,17650.0,18675.0,17500.0,18300.0,480300
2023-08-07,16339.966796875,17375.0,17850.0,17150.0,17750.0,446200
2023-08-08,16386.986328125,17425.0,17850.0,17325.0,17375.0,327100
2023-08-09,16410.498046875,17450.0,17750.0,17425.0,17425.0,199500
2023-08-10,16998.267578125,18075.0,18075.0,17525.0,17600.0,342100
2023-08-11,16692.626953125,17750.0,18200.0,17625.0,18075.0,200800
2023-08-14,16528.052734375,17575.0,17800.0,17300.0,17750.0,186200
2023-08-15,16692.626953125,17750.0,18000.0,17600.0,17600.0,121500
2023-08-16,16692.626953125,17750.0,17925.0,17525.0,17750.0,164600
2023-08-18,16739.6484375,17800.0,17825.0,17525.0,17750.0,174400
2023-08-21,17468.482421875,18575.0,18800.0,17700.0,17800.0,383800
2023-08-22,17468.482421875,18575.0,19000.0,18375.0,18600.0,434100
2023-08-23,17680.078125,18800.0,19475.0,18575.0,18575.0,602500
2023-08-24,17680.078125,18800.0,18825.0,18000.0,18800.0,342500
2023-08-25,17491.9921875,18600.0,18800.0,18200.0,18800.0,167900
2023-08-28,17656.56640625,18775.0,18800.0,18650.0,18650.0,106600
2023-08-29,17680.078125,18800.0,19000.0,18700.0,18875.0,294600
2023-08-30,17656.56640625,18775.0,18875.0,18400.0,18825.0,234300
2023-08-31,17656.56640625,18775.0,18900.0,18500.0,18800.0,122500
2023-09-01,17680.078125,18800.0,18825.0,18600.0,18800.0,60800
2023-09-04,17680.078125,18800.0,18875.0,18575.0,18800.0,119200
2023-09-05,17680.078125,18800.0,18825.0,18600.0,18825.0,89000
2023-09-06,17774.12109375,18900.0,19000.0,18675.0,18800.0,199600
2023-09-07,17844.65234375,18975.0,19100.0,18800.0,19025.0,100500
2023-09-08,17797.6328125,18925.0,18975.0,18875.0,18975.0,77300
2023-09-11,17774.12109375,18900.0,18950.0,18700.0,18925.0,91000
2023-09-12,17350.927734375,18450.0,18900.0,17900.0,18900.0,210400
2023-09-13,17397.94921875,18500.0,18700.0,18150.0,18500.0,125600
2023-09-14,18173.802734375,19325.0,19400.0,18475.0,18475.0,369300
2023-09-15,18079.76171875,19225.0,19450.0,19150.0,19400.0,201400
2023-09-18,18150.294921875,19300.0,19450.0,19100.0,19225.0,118600
2023-09-19,17774.12109375,18900.0,19300.0,18525.0,19300.0,179300
2023-09-20,17774.12109375,18900.0,19075.0,18700.0,18900.0,121800
2023-09-21,17915.1875,19050.0,19200.0,18725.0,18900.0,109300
2023-09-22,17915.1875,19050.0,19150.0,18900.0,19050.0,122200
2023-09-25,17915.1875,19050.0,19175.0,18950.0,19050.0,49200
2023-09-26,17750.609375,18875.0,19050.0,18700.0,18950.0,143700
2023-09-27,17915.1875,19050.0,19050.0,18775.0,18850.0,61500
2023-09-29,17750.609375,18875.0,19025.0,18850.0,19025.0,40000
2023-10-02,17609.546875,18725.0,18950.0,18700.0,18875.0,104700
2023-10-03,17139.330078125,18225.0,18725.0,18225.0,18725.0,225900
2023-10-04,17092.3125,18175.0,18375.0,17950.0,18225.0,142200
2023-10-05,17233.373046875,18325.0,18475.0,18150.0,18150.0,69700
2023-10-06,17233.373046875,18325.0,18325.0,18225.0,18300.0,64200
2023-10-09,17303.90625,18400.0,18425.0,18175.0,18325.0,102800
2023-10-10,17374.439453125,18475.0,18500.0,18200.0,18375.0,23400
2023-10-11,17421.458984375,18525.0,18600.0,18300.0,18475.0,97500
2023-10-12,17444.970703125,18550.0,18575.0,18350.0,18500.0,23600
2023-10-13,17444.970703125,18550.0,18600.0,18350.0,18350.0,84800
2023-10-16,17586.03515625,18700.0,18750.0,18400.0,18425.0,81500
2023-10-17,18385.400390625,19550.0,19825.0,18700.0,18700.0,558100
2023-10-18,18808.59375,20000.0,20250.0,19250.0,19500.0,833400
2023-10-19,18738.0625,19925.0,20000.0,19250.0,20000.0,332500
2023-10-20,18573.484375,19750.0,19900.0,19300.0,19875.0,259400
2023-10-23,17680.078125,18800.0,19750.0,18550.0,19750.0,144400
2023-10-24,17891.677734375,19025.0,19025.0,18525.0,18775.0,67400
2023-10-25,18103.271484375,19250.0,19500.0,19000.0,19050.0,164300
2023-10-26,18056.25,19200.0,19250.0,18800.0,19250.0,75200
2023-10-27,17868.16015625,19000.0,19200.0,18800.0,19050.0,92600
2023-10-30,17256.8828125,18350.0,19000.0,18350.0,19000.0,344900
2023-10-31,17139.330078125,18225.0,18350.0,18150.0,18350.0,119600
2023-11-01,17092.3125,18175.0,18700.0,17700.0,18225.0,272600
2023-11-02,17397.94921875,18500.0,18500.0,18000.0,18175.0,73200
2023-11-03,17562.5234375,18675.0,18900.0,18125.0,18500.0,157300
2023-11-06,17586.03515625,18700.0,18900.0,18300.0,18675.0,106400
2023-11-07,17656.56640625,18775.0,18925.0,18475.0,18700.0,72700
2023-11-08,17656.56640625,18775.0,18850.0,18475.0,18550.0,55900
2023-11-09,17539.013671875,18650.0,18800.0,18625.0,18775.0,42100
2023-11-10,17727.099609375,18850.0,18975.0,18650.0,18650.0,52200
2023-11-13,18032.73828125,19175.0,19325.0,18600.0,18850.0,76500
2023-11-14,18056.25,19200.0,19200.0,18950.0,19175.0,61500
2023-11-15,17586.03515625,18700.0,19200.0,18700.0,19200.0,166100
2023-11-16,17938.6953125,19075.0,19125.0,18725.0,18725.0,79500
2023-11-17,18009.23046875,19150.0,19175.0,19000.0,19050.0,60100
2023-11-20,18291.357421875,19450.0,19500.0,18925.0,19125.0,90900
2023-11-21,18432.421875,19600.0,19825.0,19150.0,19425.0,139600
2023-11-22,18244.3359375,19400.0,19600.0,19300.0,19575.0,84300
2023-11-23,18244.3359375,19400.0,19450.0,19200.0,19400.0,79100
2023-11-24,18244.3359375,19400.0,19400.0,19150.0,19400.0,40200
2023-11-27,18244.3359375,19400.0,19400.0,19100.0,19400.0,58500
2023-11-28,18173.802734375,19325.0,19400.0,19250.0,19400.0,59600
2023-11-29,18126.783203125,19275.0,19325.0,19175.0,19325.0,67800
2023-11-30,18126.783203125,19275.0,19275.0,19025.0,19275.0,130200
2023-12-01,18103.271484375,19250.0,19275.0,19025.0,19275.0,92800
2023-12-04,18056.25,19200.0,19250.0,19025.0,19250.0,106800
2023-12-05,18032.73828125,19175.0,19200.0,18750.0,19200.0,130000
2023-12-06,17868.16015625,19000.0,19175.0,18825.0,19175.0,105700
2023-12-07,17868.16015625,19000.0,19100.0,18600.0,19100.0,114600
2023-12-08,17868.16015625,19000.0,19000.0,18800.0,19000.0,39000
2023-12-11,17844.65234375,18975.0,19250.0,18700.0,19000.0,162700
2023-12-12,17844.65234375,18975.0,18975.0,18700.0,18975.0,62300
2023-12-13,17868.16015625,19000.0,19000.0,18650.0,18975.0,98400
2023-12-14,17868.16015625,19000.0,19050.0,18825.0,19000.0,45500
2023-12-15,18338.37890625,19500.0,19500.0,18900.0,19000.0,226200
2023-12-18,18084.00390625,19000.0,19500.0,18875.0,19500.0,59800
2023-12-19,18274.361328125,19200.0,19200.0,18900.0,19000.0,49100
2023-12-20,18536.10546875,19475.0,19500.0,18900.0,19200.0,88900
2023-12-21,18583.6953125,19525.0,19525.0,19175.0,19400.0,105700
2023-12-22,18559.900390625,19500.0,19500.0,19300.0,19500.0,54200
2023-12-27,18369.541015625,19300.0,19500.0,19200.0,19500.0,42700
2023-12-28,18869.228515625,19825.0,19900.0,19375.0,19400.0,123900
2023-12-29,18940.61328125,19900.0,20000.0,19650.0,19800.0,169100
2024-01-02,18988.203125,19950.0,19950.0,19650.0,19825.0,53800
2024-01-03,18655.080078125,19600.0,19950.0,19600.0,19950.0,56100
2024-01-04,18583.6953125,19525.0,19625.0,19250.0,19625.0,112500
2024-01-05,18940.61328125,19900.0,19925.0,19500.0,19575.0,130600
2024-01-08,18821.638671875,19775.0,20000.0,19550.0,20000.0,60900
2024-01-09,18940.61328125,19900.0,19900.0,19700.0,19700.0,138600
2024-01-10,18869.228515625,19825.0,19900.0,19800.0,19900.0,25700
2024-01-11,18797.84765625,19750.0,19825.0,19600.0,19750.0,188600
2024-01-12,18750.2578125,19700.0,19750.0,19550.0,19750.0,76600
2024-01-15,18797.84765625,19750.0,19800.0,19650.0,19650.0,28800
2024-01-16,18821.638671875,19775.0,19775.0,19600.0,19750.0,52600
2024-01-17,18726.462890625,19675.0,19800.0,19600.0,19600.0,27700
2024-01-18,18869.228515625,19825.0,19825.0,19650.0,19750.0,39700
2024-01-19,18869.228515625,19825.0,19825.0,17250.0,19825.0,208600
2024-01-22,18845.43359375,19800.0,19825.0,19200.0,19825.0,50700
2024-01-23,18845.43359375,19800.0,19800.0,18900.0,19525.0,221600
2024-01-24,18750.2578125,19700.0,19700.0,19400.0,19400.0,47800
2024-01-25,18607.48828125,19550.0,19725.0,19400.0,19475.0,46700
2024-01-26,18750.2578125,19700.0,19725.0,19350.0,19550.0,26100
2024-01-29,18750.2578125,19700.0,19725.0,19400.0,19700.0,37700
2024-01-30,18750.2578125,19700.0,19700.0,19500.0,19650.0,40200
2024-01-31,18750.2578125,19700.0,19700.0,19525.0,19650.0,35300
2024-02-01,18774.052734375,19725.0,19725.0,19650.0,19700.0,49800
2024-02-02,18797.84765625,19750.0,19750.0,19550.0,19550.0,32800
2024-02-05,18750.2578125,19700.0,19700.0,19575.0,19700.0,28000
2024-02-06,18726.462890625,19675.0,19700.0,19550.0,19550.0,21200
2024-02-07,18726.462890625,19675.0,19675.0,19550.0,19675.0,37200
2024-02-12,18750.2578125,19700.0,19700.0,19475.0,19575.0,133900
2024-02-13,18726.462890625,19675.0,19700.0,19450.0,19650.0,128300
2024-02-15,18750.2578125,19700.0,19700.0,19500.0,19650.0,66400
2024-02-16,18583.6953125,19525.0,19625.0,19525.0,19550.0,42800
2024-02-19,18655.080078125,19600.0,19600.0,19450.0,19500.0,5700
2024-02-20,18084.00390625,19000.0,19600.0,18900.0,19450.0,65500
2024-02-21,18655.080078125,19600.0,19625.0,19000.0,19000.0,129800
2024-02-22,18559.900390625,19500.0,19600.0,19350.0,19350.0,55000
2024-02-23,18607.48828125,19550.0,19550.0,19300.0,19500.0,33000
2024-02-26,18440.92578125,19375.0,19525.0,19300.0,19300.0,29800
2024-02-27,18536.10546875,19475.0,19500.0,19375.0,19375.0,16900
2024-02-28,18536.10546875,19475.0,19500.0,19375.0,19450.0,50900
2024-02-29,18559.900390625,19500.0,19500.0,19050.0,19300.0,338500
2024-03-01,18559.900390625,19500.0,19500.0,19375.0,19375.0,44400
2024-03-04,18512.310546875,19450.0,19475.0,19325.0,19325.0,20400
2024-03-05,18488.515625,19425.0,19450.0,19000.0,19300.0,134600
2024-03-06,18464.720703125,19400.0,19400.0,19175.0,19400.0,34400
2024-03-07,18393.3359375,19325.0,19350.0,19250.0,19250.0,37300
2024-03-08,18559.900390625,19500.0,19500.0,19150.0,19300.0,105600
2024-03-13,18536.10546875,19475.0,19500.0,19275.0,19350.0,60300
2024-03-14,18559.900390625,19500.0,19500.0,19300.0,19450.0,36800
2024-03-15,18464.720703125,19400.0,19475.0,19300.0,19450.0,22300
2024-03-18,18464.720703125,19400.0,19500.0,19300.0,19300.0,45900
2024-03-19,18464.720703125,19400.0,19475.0,19275.0,19400.0,81900
2024-03-20,18512.310546875,19450.0,19475.0,19300.0,19400.0,42400
2024-03-21,18512.310546875,19450.0,19500.0,19100.0,19425.0,103400
2024-03-22,18536.10546875,19475.0,19475.0,19225.0,19325.0,61900
2024-03-25,18107.798828125,19025.0,19350.0,19025.0,19350.0,100200
2024-03-26,18321.951171875,19250.0,19450.0,19050.0,19450.0,100100
2024-03-27,18036.412109375,18950.0,19325.0,18500.0,19250.0,111100
2024-03-28,18084.00390625,19000.0,19150.0,18950.0,18950.0,33400
2024-04-01,18131.591796875,19050.0,19200.0,19000.0,19100.0,30500
2024-04-02,18179.181640625,19100.0,19275.0,19075.0,19100.0,38500
2024-04-03,18107.798828125,19025.0,19125.0,18825.0,19125.0,38200
2024-04-04,18131.591796875,19050.0,19050.0,18975.0,19050.0,23200
2024-04-05,17893.646484375,18800.0,19100.0,18775.0,19050.0,46000
2024-04-16,18155.38671875,19075.0,19150.0,18050.0,18550.0,65100
2024-04-17,18060.208984375,18975.0,19075.0,18925.0,19075.0,25100
2024-04-18,18155.38671875,19075.0,19100.0,18975.0,19100.0,51300
2024-04-19,18179.181640625,19100.0,19100.0,18850.0,19100.0,43300
2024-04-22,18012.619140625,18925.0,19100.0,18875.0,19100.0,24100
2024-04-23,17608.109375,18500.0,19100.0,18500.0,19000.0,159300
2024-04-24,18131.591796875,19050.0,19100.0,18550.0,18550.0,112100
2024-04-25,18107.798828125,19025.0,19100.0,18850.0,19075.0,27300
2024-04-26,17965.03125,18875.0,19000.0,18775.0,19000.0,17900
2024-04-29,18084.00390625,19000.0,19000.0,18700.0,18800.0,44200
2024-04-30,18036.412109375,18950.0,19050.0,18750.0,18800.0,78200
2024-05-02,18084.00390625,19000.0,19025.0,18750.0,18975.0,65200
2024-05-03,18179.181640625,19100.0,19100.0,18950.0,19000.0,331800
2024-05-06,18107.798828125,19025.0,19125.0,18800.0,19125.0,40000
2024-05-07,18131.591796875,19050.0,19075.0,18825.0,18900.0,40500
2024-05-08,17988.826171875,18900.0,19050.0,18850.0,18900.0,27600
2024-05-13,18084.00390625,19000.0,19100.0,18700.0,18900.0,41800
2024-05-14,18084.00390625,19000.0,19050.0,18825.0,18825.0,26800
2024-05-15,17965.03125,18875.0,18950.0,18875.0,18875.0,15600
2024-05-16,17965.03125,18875.0,18925.0,18700.0,18850.0,66100
2024-05-17,18036.412109375,18950.0,19000.0,18775.0,18875.0,64500
2024-05-20,17965.03125,18875.0,18950.0,18825.0,18925.0,59400
2024-05-21,17822.26171875,18725.0,18800.0,18700.0,18700.0,67800
2024-05-22,17750.876953125,18650.0,18725.0,18600.0,18725.0,63700
2024-05-27,17727.08203125,18625.0,18675.0,18500.0,18675.0,59100
2024-05-28,17703.287109375,18600.0,18600.0,18300.0,18300.0,23900
2024-05-29,17465.33984375,18350.0,18625.0,18325.0,18600.0,29600
2024-05-30,17322.572265625,18200.0,18600.0,17475.0,18350.0,225000
2024-05-31,17108.419921875,17975.0,18200.0,17400.0,18200.0,186500
2024-06-03,17132.21484375,18000.0,18200.0,17675.0,18000.0,176000
2024-06-04,16989.4453125,17850.0,18075.0,17800.0,17950.0,186400
2024-06-05,17013.240234375,17875.0,18000.0,17675.0,17975.0,104900
2024-06-06,16941.857421875,17800.0,17950.0,17550.0,17875.0,124800
2024-06-07,16941.857421875,17800.0,18100.0,17700.0,17800.0,90100
2024-06-10,16918.060546875,17775.0,17800.0,17525.0,17750.0,99300
2024-06-11,16846.677734375,17700.0,17975.0,17550.0,17600.0,110600
2024-06-12,16632.5234375,17475.0,17850.0,17100.0,17400.0,188800
2024-06-13,16465.9609375,17300.0,17475.0,17225.0,17475.0,77700
2024-06-14,16442.166015625,17275.0,17400.0,17200.0,17325.0,75900
2024-06-19,16561.140625,17400.0,17600.0,17250.0,17275.0,26900
2024-06-20,16941.857421875,17800.0,17800.0,16950.0,17175.0,75200
2024-06-21,14443.408203125,15175.0,17800.0,15175.0,17800.0,3592900
2024-06-24,14443.408203125,15175.0,15600.0,14950.0,15250.0,567500
2024-06-25,14443.408203125,15175.0,15325.0,15175.0,15200.0,240300
2024-06-26,14467.203125,15200.0,15300.0,15125.0,15200.0,157400
2024-06-27,14609.9716796875,15350.0,15475.0,15200.0,15200.0,195200
2024-06-28,15014.4814453125,15775.0,15950.0,15275.0,15450.0,344600
2024-07-01,15514.171875,16300.0,16575.0,15800.0,15800.0,436400
2024-07-02,16703.908203125,17550.0,17550.0,16200.0,16525.0,403100
2024-07-03,18321.951171875,19250.0,19300.0,17550.0,17550.0,622800
2024-07-04,18060.208984375,18975.0,19350.0,18300.0,19250.0,1002300
2024-07-05,17941.236328125,18850.0,19000.0,18600.0,18950.0,216800
2024-07-08,17889.8046875,18650.0,18850.0,18325.0,18850.0,299200
2024-07-09,17865.82421875,18625.0,18650.0,18350.0,18450.0,103200
2024-07-10,17697.95703125,18450.0,18625.0,18350.0,18625.0,123900
2024-07-11,17889.8046875,18650.0,18800.0,18400.0,18425.0,202500
2024-07-12,17602.03515625,18350.0,18650.0,18350.0,18650.0,242800
2024-07-15,17242.318359375,17975.0,18500.0,17925.0,18425.0,240400
2024-07-16,17218.33984375,17950.0,17975.0,17600.0,17950.0,162900
2024-07-17,17458.150390625,18200.0,18275.0,17675.0,17950.0,387000
2024-07-18,17194.357421875,17925.0,18400.0,17875.0,18250.0,151200
2024-07-19,17218.33984375,17950.0,18000.0,17800.0,18000.0,76900
2024-07-22,16786.6796875,17500.0,17950.0,17450.0,17950.0,443000
2024-07-23,16714.73828125,17425.0,17500.0,17150.0,17500.0,405600
2024-07-24,16570.853515625,17275.0,17600.0,17275.0,17500.0,126200
2024-07-25,16786.6796875,17500.0,17975.0,17300.0,17300.0,409100
2024-07-26,16594.833984375,17300.0,17550.0,17150.0,17550.0,247900
2024-07-29,16498.91015625,17200.0,17500.0,17125.0,17500.0,240600
2024-07-30,16498.91015625,17200.0,17300.0,17075.0,17200.0,191700
2024-07-31,16355.0234375,17050.0,17100.0,17050.0,17100.0,233300
2024-08-01,16331.0419921875,17025.0,17200.0,17000.0,17000.0,145000
2024-08-02,16307.0625,17000.0,17175.0,16975.0,17025.0,192800
2024-08-05,16115.212890625,16800.0,17325.0,16075.0,17200.0,651200
2024-08-06,16187.15625,16875.0,16900.0,16625.0,16775.0,99400
2024-08-07,16714.73828125,17425.0,17500.0,16800.0,16875.0,249400
2024-08-08,16738.720703125,17450.0,17700.0,16825.0,17700.0,352000
2024-08-09,16738.720703125,17450.0,17450.0,17175.0,17300.0,98800
2024-08-12,16498.91015625,17200.0,17300.0,17000.0,17300.0,137600
2024-08-13,16690.7578125,17400.0,17500.0,17000.0,17200.0,281200
2024-08-14,16666.775390625,17375.0,17425.0,17200.0,17400.0,121300
2024-08-15,16714.73828125,17425.0,17425.0,17300.0,17375.0,126600
2024-08-16,16331.0419921875,17025.0,17500.0,17000.0,17500.0,711000
2024-08-19,16379.0048828125,17075.0,17100.0,16850.0,17025.0,77400
2024-08-20,16307.0625,17000.0,17075.0,16950.0,17075.0,225800
2024-08-21,16283.0810546875,16975.0,17150.0,16975.0,17000.0,36600
2024-08-22,16307.0625,17000.0,17125.0,16875.0,17125.0,37300
2024-08-23,16187.15625,16875.0,17025.0,16850.0,17000.0,121900
2024-08-26,16091.232421875,16775.0,16975.0,16625.0,16950.0,240300
2024-08-27,15971.328125,16650.0,16875.0,16625.0,16775.0,145000
2024-08-28,16522.892578125,17225.0,17800.0,16650.0,16650.0,786500
2024-08-29,16187.15625,16875.0,17225.0,16725.0,17225.0,780300
2024-08-30,16019.2900390625,16700.0,17100.0,16400.0,16900.0,405900
2024-09-02,16115.212890625,16800.0,16900.0,16725.0,16775.0,211400
2024-09-03,15971.328125,16650.0,16900.0,16600.0,16800.0,162700
2024-09-04,16091.232421875,16775.0,16800.0,16500.0,16650.0,173400
2024-09-05,16091.232421875,16775.0,16775.0,16600.0,16750.0,151300
2024-09-06,16067.251953125,16750.0,16775.0,16500.0,16775.0,219400
2024-09-09,15875.4052734375,16550.0,16750.0,15975.0,16750.0,385500
2024-09-10,15923.3671875,16600.0,16650.0,16125.0,16550.0,419900
2024-09-11,15827.4423828125,16500.0,16600.0,16400.0,16475.0,105500
2024-09-12,15899.3857421875,16575.0,16600.0,16400.0,16500.0,72700
2024-09-13,15827.4423828125,16500.0,16650.0,16375.0,16400.0,118600
2024-09-17,15851.423828125,16525.0,16525.0,16450.0,16500.0,70900
2024-09-18,15851.423828125,16525.0,16525.0,16500.0,16525.0,110500
2024-09-19,15851.423828125,16525.0,16525.0,16425.0,16525.0,97300
2024-09-20,15875.4052734375,16550.0,16675.0,16375.0,16525.0,82700
2024-09-23,15803.4619140625,16475.0,16550.0,16425.0,16525.0,36900
2024-09-24,15803.4619140625,16475.0,16475.0,16300.0,16475.0,178200
2024-09-25,15923.3671875,16600.0,17000.0,16425.0,16475.0,220900
2024-09-26,15923.3671875,16600.0,16625.0,16475.0,16525.0,95600
2024-09-27,16522.892578125,17225.0,17400.0,16625.0,16650.0,616200
2024-09-30,15635.5947265625,16300.0,17400.0,16300.0,17225.0,235000
2024-10-01,15971.328125,16650.0,16750.0,16350.0,16600.0,120400
2024-10-02,16235.1181640625,16925.0,17025.0,16500.0,16675.0,120600
2024-10-03,16019.2900390625,16700.0,16925.0,16625.0,16925.0,18800
2024-10-04,15827.4423828125,16500.0,16750.0,16500.0,16750.0,34100
2024-10-07,15899.3857421875,16575.0,16800.0,16450.0,16600.0,35400
2024-10-08,15875.4052734375,16550.0,16575.0,16375.0,16575.0,52700
2024-10-09,15779.48046875,16450.0,16550.0,16375.0,16550.0,61500
2024-10-10,15779.48046875,16450.0,16450.0,16325.0,16450.0,26900
2024-10-11,16019.2900390625,16700.0,17000.0,16350.0,16450.0,80300
2024-10-14,16043.271484375,16725.0,16725.0,16600.0,16675.0,63500
2024-10-15,16163.17578125,16850.0,16925.0,16800.0,16900.0,82800
2024-10-16,16235.1181640625,16925.0,16950.0,16850.0,16925.0,42500
2024-10-17,16426.966796875,17125.0,17125.0,16800.0,16900.0,180100
2024-10-18,16474.9296875,17175.0,17175.0,16975.0,17125.0,66000
2024-10-21,16474.9296875,17175.0,17200.0,16975.0,17175.0,78900
2024-10-22,16498.91015625,17200.0,17200.0,16975.0,17175.0,59400
2024-10-23,16426.966796875,17125.0,17225.0,17025.0,17200.0,72600
2024-10-24,16474.9296875,17175.0,17200.0,17100.0,17125.0,74600
2024-10-25,16402.986328125,17100.0,17200.0,16975.0,17175.0,29200
2024-10-28,16474.9296875,17175.0,17175.0,16850.0,17050.0,89600
2024-10-29,16402.986328125,17100.0,17225.0,16900.0,17125.0,66900
2024-10-30,16450.947265625,17150.0,17175.0,16950.0,17050.0,65600
2024-10-31,16498.91015625,17200.0,17200.0,16850.0,17100.0,96400
2024-11-01,16522.892578125,17225.0,17225.0,17000.0,17175.0,107200
2024-11-04,16498.91015625,17200.0,17225.0,16800.0,17200.0,56500
2024-11-05,16498.91015625,17200.0,17200.0,17000.0,17150.0,92300
2024-11-06,16498.91015625,17200.0,17200.0,16975.0,17150.0,71700
2024-11-07,16954.546875,17675.0,17750.0,16800.0,17150.0,154200
2024-11-08,17002.5078125,17725.0,17750.0,17475.0,17650.0,192000
2024-11-11,17026.490234375,17750.0,17750.0,17525.0,17725.0,119300
2024-11-12,17074.453125,17800.0,17900.0,17725.0,17725.0,79300
2024-11-13,17170.376953125,17900.0,17925.0,17800.0,17800.0,77600
2024-11-14,17194.357421875,17925.0,18000.0,17875.0,17900.0,84400
2024-11-15,17266.30078125,18000.0,18000.0,16950.0,17900.0,90000
2024-11-18,17266.30078125,18000.0,18000.0,17725.0,18000.0,57400
2024-11-19,17266.30078125,18000.0,18000.0,17725.0,18000.0,65900
2024-11-20,17266.30078125,18000.0,18000.0,17825.0,17975.0,19300
2024-11-21,18225.5390625,19000.0,19000.0,18000.0,18000.0,442900
2024-11-22,18201.55859375,18975.0,19000.0,18650.0,19000.0,123800
2024-11-25,18897.0078125,19700.0,19700.0,19000.0,19000.0,497300
2024-11-26,18801.083984375,19600.0,19850.0,19300.0,19850.0,282900
2024-11-28,18777.1015625,19575.0,19650.0,19200.0,19600.0,124600
2024-11-29,18777.1015625,19575.0,19575.0,19325.0,19525.0,75300
2024-12-02,18801.083984375,19600.0,19850.0,19250.0,19500.0,208800
2024-12-03,18897.0078125,19700.0,19700.0,19350.0,19650.0,215500
2024-12-04,18992.9296875,19800.0,19800.0,19600.0,19700.0,89300
2024-12-05,18992.9296875,19800.0,19825.0,19675.0,19800.0,26400
2024-12-06,19040.892578125,19850.0,19850.0,19700.0,19800.0,193600
2024-12-09,19088.853515625,19900.0,20000.0,19750.0,19850.0,199800
2024-12-10,19184.779296875,20000.0,20000.0,19700.0,19900.0,124700
2024-12-11,19856.24609375,20700.0,21375.0,20000.0,20000.0,675900
2024-12-12,19856.24609375,20700.0,21250.0,20125.0,20775.0,340800
2024-12-13,19472.55078125,20300.0,20850.0,20300.0,20700.0,171800
2024-12-16,19640.41796875,20475.0,20700.0,20000.0,20300.0,265500
2024-12-17,19640.41796875,20475.0,20675.0,20250.0,20475.0,179600
2024-12-18,19321.515625,20000.0,20475.0,20000.0,20475.0,134200
2024-12-19,19611.337890625,20300.0,20450.0,20000.0,20000.0,141800
2024-12-20,19683.79296875,20375.0,20400.0,20000.0,20300.0,146200
2024-12-23,19635.490234375,20325.0,20475.0,19925.0,20375.0,119300
2024-12-24,19659.642578125,20350.0,20400.0,20075.0,20325.0,79600
2024-12-27,19514.73046875,20200.0,20400.0,20125.0,20350.0,80400
2024-12-30,19563.033203125,20250.0,20400.0,20000.0,20350.0,152900
2025-01-02,19973.6171875,20675.0,20675.0,20050.0,20275.0,144000
2025-01-03,19925.3125,20625.0,20650.0,20275.0,20650.0,71800
2025-01-06,19369.818359375,20050.0,20650.0,20050.0,20625.0,82900
2025-01-07,19369.818359375,20050.0,20275.0,19575.0,20050.0,107100
2025-01-08,19369.818359375,20050.0,20050.0,19725.0,20050.0,92500
2025-01-09,19563.033203125,20250.0,20250.0,19700.0,20025.0,67700
2025-01-10,19901.162109375,20600.0,20600.0,19925.0,19950.0,127300
2025-01-13,19925.3125,20625.0,20625.0,20200.0,20550.0,106600
2025-01-14,19683.79296875,20375.0,20625.0,20350.0,20625.0,22200
2025-01-15,19804.552734375,20500.0,20500.0,20375.0,20400.0,19100
2025-01-16,19780.40234375,20475.0,20500.0,20350.0,20450.0,27800
2025-01-17,19804.552734375,20500.0,20500.0,20250.0,20500.0,73400
2025-01-20,19707.9453125,20400.0,20500.0,20225.0,20500.0,39400
2025-01-21,19707.9453125,20400.0,20400.0,20300.0,20400.0,23300
2025-01-22,19683.79296875,20375.0,20425.0,20325.0,20350.0,25200
2025-01-23,19707.9453125,20400.0,20400.0,20300.0,20375.0,23500
2025-01-24,19732.09765625,20425.0,20425.0,20200.0,20375.0,29400
2025-01-30,19707.9453125,20400.0,20450.0,20200.0,20325.0,68700
2025-01-31,19732.09765625,20425.0,20425.0,20300.0,20375.0,53100
2025-02-03,19611.337890625,20300.0,20375.0,20225.0,20375.0,29200
2025-02-04,19659.642578125,20350.0,20350.0,20175.0,20200.0,27000
2025-02-05,19683.79296875,20375.0,20375.0,20125.0,20200.0,30400
2025-02-06,19683.79296875,20375.0,20450.0,20150.0,20375.0,50400
2025-02-07,19707.9453125,20400.0,20450.0,20100.0,20300.0,87400
2025-02-10,19418.123046875,20100.0,20325.0,20100.0,20275.0,14100
2025-02-11,19466.42578125,20150.0,20200.0,19375.0,20100.0,66300
2025-02-12,19514.73046875,20200.0,20200.0,20025.0,20100.0,82500
2025-02-13,19514.73046875,20200.0,20200.0,20075.0,20150.0,47100
2025-02-14,19538.8828125,20225.0,20250.0,20075.0,20100.0,109500
2025-02-17,19393.970703125,20075.0,20200.0,20075.0,20100.0,17500
2025-02-18,19345.666015625,20025.0,20100.0,20025.0,20100.0,25200
2025-02-19,19418.123046875,20100.0,20100.0,19975.0,20025.0,33600
2025-02-20,19418.123046875,20100.0,20125.0,20000.0,20075.0,48700
2025-02-21,19321.515625,20000.0,20100.0,19975.0,20000.0,27000
2025-02-24,19055.84375,19725.0,20000.0,19225.0,20000.0,45600
2025-02-25,18838.478515625,19500.0,19650.0,19300.0,19475.0,14100
2025-02-26,18452.046875,19100.0,19500.0,19025.0,19300.0,62900
2025-02-27,18524.501953125,19175.0,19200.0,18725.0,19100.0,51700
2025-02-28,18621.111328125,19275.0,19500.0,19000.0,19500.0,26400
2025-03-03,19031.693359375,19700.0,19800.0,19275.0,19275.0,81500
2025-03-04,18983.388671875,19650.0,19800.0,18625.0,19700.0,27000
2025-03-05,19079.99609375,19750.0,19750.0,19600.0,19700.0,33700
2025-03-06,19055.84375,19725.0,19850.0,19600.0,19725.0,23900
2025-03-07,19079.99609375,19750.0,19775.0,19550.0,19725.0,55400
2025-03-10,19128.298828125,19800.0,19800.0,19700.0,19700.0,20900
2025-03-11,19128.298828125,19800.0,19800.0,19575.0,19725.0,35300
2025-03-12,19055.84375,19725.0,19800.0,19700.0,19700.0,12900
2025-03-13,19393.970703125,20075.0,20200.0,19675.0,19700.0,29300
2025-03-14,19538.8828125,20225.0,20250.0,19775.0,19775.0,68700
2025-03-17,19442.275390625,20125.0,20225.0,19825.0,20125.0,47800
2025-03-18,19321.515625,20000.0,20200.0,19900.0,20100.0,60700
2025-03-19,19321.515625,20000.0,20050.0,19500.0,19825.0,40500
2025-03-20,19297.36328125,19975.0,20000.0,19700.0,19825.0,40400
2025-03-21,19321.515625,20000.0,20000.0,19625.0,19975.0,46600
2025-03-24,19321.515625,20000.0,20000.0,19650.0,19925.0,36700
2025-03-25,19321.515625,20000.0,20000.0,19925.0,19975.0,49500
2025-03-26,19321.515625,20000.0,20000.0,19700.0,19700.0,21800
2025-03-27,19345.666015625,20025.0,20050.0,20000.0,20025.0,43900
2025-04-08,19200.755859375,19875.0,20025.0,19625.0,19700.0,67100
2025-04-09,19321.515625,20000.0,20000.0,19875.0,19875.0,51400
2025-04-10,19393.970703125,20075.0,20075.0,19775.0,19775.0,44500
2025-04-11,19321.515625,20000.0,20125.0,19900.0,20075.0,71100
2025-04-14,16447.439453125,17025.0,20000.0,17025.0,20000.0,65200
2025-04-15,19321.515625,20000.0,20000.0,19250.0,19250.0,76900
2025-04-16,19321.515625,20000.0,20000.0,19700.0,20000.0,29700
2025-04-17,19321.515625,20000.0,20000.0,19775.0,19975.0,57400
2025-04-21,19007.541015625,19675.0,19975.0,19500.0,19975.0,29900
2025-04-22,19249.05859375,19925.0,19950.0,19575.0,19675.0,38100
2025-04-23,19200.755859375,19875.0,19950.0,19750.0,19750.0,10700
2025-04-24,19224.90625,19900.0,19900.0,19650.0,19875.0,19400
2025-04-25,19273.2109375,19950.0,19950.0,19675.0,19675.0,25500
2025-04-28,19297.36328125,19975.0,19975.0,19825.0,19925.0,28700
2025-04-29,19200.755859375,19875.0,19975.0,19875.0,19975.0,19000
2025-04-30,19104.146484375,19775.0,19875.0,19775.0,19875.0,27400
2025-05-02,19224.90625,19900.0,19900.0,19775.0,19775.0,8100
2025-05-05,18935.0859375,19600.0,19950.0,19600.0,19675.0,25100
2025-05-06,19466.42578125,20150.0,20250.0,19700.0,19875.0,84100
2025-05-07,19538.8828125,20225.0,20250.0,19825.0,20150.0,104800
2025-05-08,19538.8828125,20225.0,20225.0,20000.0,20225.0,59100
2025-05-09,19514.73046875,20200.0,20225.0,20100.0,20200.0,49700
2025-05-14,19418.123046875,20100.0,20200.0,19875.0,20150.0,68200
2025-05-15,19297.36328125,19975.0,20200.0,19900.0,20100.0,44300
2025-05-16,19321.515625,20000.0,20075.0,19900.0,19925.0,6200
2025-05-19,19345.666015625,20025.0,20025.0,19850.0,20000.0,13500
2025-05-20,19273.2109375,19950.0,20050.0,19950.0,20000.0,7200
2025-05-21,19273.2109375,19950.0,20000.0,19900.0,19925.0,9200
2025-05-22,19273.2109375,19950.0,19975.0,19800.0,19950.0,17300
2025-05-23,19297.36328125,19975.0,19975.0,19875.0,19975.0,6200
2025-05-26,19297.36328125,19975.0,20000.0,19925.0,19950.0,7100
2025-05-27,19273.2109375,19950.0,20000.0,19950.0,19975.0,7900
2025-05-28,19224.90625,19900.0,20000.0,19900.0,20000.0,1600
2025-06-02,19176.603515625,19850.0,19950.0,19850.0,19900.0,7300
2025-06-03,19176.603515625,19850.0,19900.0,19850.0,19850.0,10000
2025-06-04,19104.146484375,19775.0,19900.0,19750.0,19850.0,7500
2025-06-05,19104.146484375,19775.0,19850.0,19775.0,19775.0,11800
2025-06-10,19104.146484375,19775.0,19775.0,19725.0,19750.0,13200
2025-06-11,19128.298828125,19800.0,19975.0,19775.0,19775.0,9900
2025-06-12,19273.2109375,19950.0,20000.0,19775.0,19800.0,12300
2025-06-13,19321.515625,20000.0,20000.0,19775.0,19950.0,6600
2025-06-16,19031.693359375,19700.0,20000.0,19700.0,20000.0,6300
2025-06-17,18910.93359375,19575.0,19725.0,19575.0,19700.0,12800
2025-06-18,18886.78125,19550.0,19725.0,19525.0,19575.0,13200
2025-06-19,19031.693359375,19700.0,19700.0,19500.0,19500.0,8800
2025-06-20,19104.146484375,19775.0,19775.0,19700.0,19700.0,15800
2025-06-23,19104.146484375,19775.0,19800.0,19700.0,19775.0,32100
2025-06-24,19128.298828125,19800.0,19800.0,19750.0,19800.0,6800
2025-06-25,18886.78125,19550.0,19900.0,19550.0,19800.0,23800
2025-06-26,18886.78125,19550.0,19625.0,19000.0,19625.0,12900
2025-06-30,19128.298828125,19800.0,19800.0,19250.0,19250.0,4900
2025-07-01,19224.90625,19900.0,19900.0,19550.0,19550.0,8700
2025-07-02,19055.84375,19725.0,19875.0,19400.0,19750.0,32400
2025-07-03,19128.298828125,19800.0,19850.0,19450.0,19725.0,10900
2025-07-04,19079.99609375,19750.0,19800.0,19750.0,19775.0,20500
2025-07-07,19318.88671875,19800.0,19800.0,19500.0,19650.0,8300
2025-07-08,19489.634765625,19975.0,19975.0,19600.0,19800.0,12000
2025-07-09,19196.92578125,19675.0,19900.0,19650.0,19900.0,9500
2025-07-10,18904.21484375,19375.0,19675.0,19200.0,19675.0,35700
2025-07-11,19099.35546875,19575.0,19625.0,19375.0,19375.0,8100
2025-07-14,18928.607421875,19400.0,19575.0,19250.0,19575.0,15200
2025-07-15,19123.748046875,19600.0,19625.0,19200.0,19400.0,34500
2025-07-16,18928.607421875,19400.0,19650.0,19100.0,19600.0,35600
2025-07-17,18733.466796875,19200.0,19375.0,19100.0,19375.0,38600
2025-07-18,18538.326171875,19000.0,19375.0,18975.0,19275.0,66700
2025-07-21,18562.71875,19025.0,19250.0,19000.0,19175.0,17500
2025-07-22,18757.859375,19225.0,19400.0,19050.0,19050.0,20200
2025-07-23,18733.466796875,19200.0,19375.0,19200.0,19375.0,26500
2025-07-24,18660.2890625,19125.0,19250.0,19025.0,19150.0,45500
2025-07-25,18635.896484375,19100.0,19200.0,18875.0,19200.0,37000
2025-07-28,18562.71875,19025.0,19100.0,18975.0,19100.0,10100
2025-07-29,18440.755859375,18900.0,19025.0,18700.0,19025.0,94400
2025-07-30,18270.0078125,18725.0,18900.0,18650.0,18800.0,49800
2025-07-31,18148.044921875,18600.0,18700.0,18350.0,18550.0,53800
2025-08-01,18148.044921875,18600.0,18675.0,18525.0,18575.0,8300
2025-08-04,18148.044921875,18600.0,18700.0,18500.0,18600.0,31000
2025-08-05,18050.4765625,18500.0,18700.0,18500.0,18600.0,14500
2025-08-06,17977.298828125,18425.0,18500.0,18400.0,18500.0,21100
2025-08-07,17977.298828125,18425.0,18425.0,18350.0,18425.0,26800
2025-08-08,17904.12109375,18350.0,18400.0,18350.0,18350.0,26300
2025-08-11,17855.3359375,18300.0,18350.0,18300.0,18350.0,21400
2025-08-12,17855.3359375,18300.0,18350.0,18225.0,18300.0,35700
2025-08-13,17855.3359375,18300.0,18325.0,18150.0,18325.0,94600
2025-08-14,17855.3359375,18300.0,18350.0,18250.0,18300.0,26000
2025-08-15,17855.3359375,18300.0,18425.0,18300.0,18325.0,57800
2025-08-19,17830.943359375,18275.0,18375.0,18275.0,18300.0,16200
2025-08-20,17830.943359375,18275.0,18350.0,18250.0,18275.0,25500
2025-08-21,17904.12109375,18350.0,18350.0,18200.0,18300.0,5400
2025-08-22,17757.765625,18200.0,18350.0,18200.0,18350.0,13800
2025-08-25,17879.728515625,18325.0,18400.0,18200.0,18400.0,14100
2025-08-26,17879.728515625,18325.0,18350.0,18300.0,18350.0,6200
2025-08-27,17830.943359375,18275.0,18325.0,18225.0,18325.0,4500
2025-08-28,17806.55078125,18250.0,18325.0,18225.0,18275.0,10000
2025-08-29,17708.98046875,18150.0,18250.0,18075.0,18250.0,30100
2025-09-01,17489.447265625,17925.0,18050.0,17850.0,18025.0,39900
2025-09-02,17660.1953125,18100.0,18225.0,17925.0,17925.0,21800
2025-09-03,17708.98046875,18150.0,18275.0,18100.0,18100.0,7900
2025-09-04,17708.98046875,18150.0,18225.0,18050.0,18150.0,10000
2025-09-08,17538.232421875,17975.0,18150.0,17975.0,18150.0,16600
2025-09-09,17489.447265625,17925.0,17975.0,17900.0,17975.0,15900
2025-09-10,17660.1953125,18100.0,18225.0,17925.0,17925.0,10400
2025-09-11,17904.12109375,18350.0,18675.0,18000.0,18100.0,23800
2025-09-12,17855.3359375,18300.0,18350.0,18200.0,18350.0,7900
2025-09-15,18123.654296875,18575.0,18600.0,18175.0,18300.0,20100
2025-09-16,17904.12109375,18350.0,18575.0,18350.0,18575.0,24300
2025-09-17,17977.298828125,18425.0,18425.0,18100.0,18400.0,4800
2025-09-18,17757.765625,18200.0,18500.0,18200.0,18425.0,37500
2025-09-19,17806.55078125,18250.0,18250.0,18200.0,18200.0,42500
2025-09-22,17855.3359375,18300.0,18500.0,18200.0,18500.0,11800
2025-09-23,17855.3359375,18300.0,18300.0,18100.0,18300.0,25500
2025-09-24,17855.3359375,18300.0,18300.0,18175.0,18275.0,66800
2025-09-25,17806.55078125,18250.0,18300.0,18200.0,18300.0,8100
2025-09-26,17855.3359375,18300.0,18300.0,18100.0,18275.0,45900
2025-09-29,17855.3359375,18300.0,18350.0,18300.0,18325.0,24700
2025-09-30,17855.3359375,18300.0,18350.0,18150.0,18300.0,36400
2025-10-01,17855.3359375,18300.0,18300.0,18100.0,18275.0,32800
2025-10-02,17757.765625,18200.0,18300.0,18025.0,18300.0,9300
2025-10-03,17855.3359375,18300.0,18350.0,18200.0,18200.0,34500
2025-10-06,17855.3359375,18300.0,18300.0,17950.0,18300.0,74200
2025-10-07,17757.765625,18200.0,18300.0,18150.0,18300.0,13300
2025-10-08,17587.017578125,18025.0,18200.0,18000.0,18200.0,19500
2025-10-09,17757.765625,18200.0,18200.0,18000.0,18050.0,17600
2025-10-10,17855.3359375,18300.0,18300.0,18075.0,18200.0,13000
2025-10-13,17733.373046875,18175.0,18300.0,17900.0,18300.0,44400
2025-10-14,17611.41015625,18050.0,18250.0,17975.0,18175.0,55400
2025-10-15,17611.41015625,18050.0,18250.0,17900.0,18050.0,17600
2025-10-16,17708.98046875,18150.0,18200.0,17850.0,18050.0,51400
2025-10-17,17708.98046875,18150.0,18200.0,17900.0,18000.0,21600
2025-10-20,17587.017578125,18025.0,18300.0,18000.0,18150.0,27500
2025-10-21,17660.1953125,18100.0,18125.0,17900.0,18025.0,54400
2025-10-22,17611.41015625,18050.0,18175.0,18050.0,18150.0,9600
2025-10-23,17611.41015625,18050.0,18100.0,18050.0,18075.0,14400
2025-10-24,17757.765625,18200.0,18300.0,18050.0,18050.0,12000
2025-10-27,17635.802734375,18075.0,18225.0,18000.0,18200.0,27900
2025-10-28,17611.41015625,18050.0,18200.0,17975.0,18200.0,20400
2025-10-29,17562.625,18000.0,18100.0,17700.0,18075.0,72100
2025-10-30,17562.625,18000.0,18050.0,18000.0,18000.0,31100
2025-10-31,17708.98046875,18150.0,18175.0,18000.0,18050.0,23000
2025-11-03,17708.98046875,18150.0,18175.0,18050.0,18175.0,22000
2025-11-04,17611.41015625,18050.0,18150.0,17950.0,18150.0,16100
2025-11-05,17635.802734375,18075.0,18150.0,17875.0,18050.0,38400
2025-11-06,17465.0546875,17900.0,18200.0,17900.0,18200.0,69900
2025-11-07,17440.662109375,17875.0,18075.0,17875.0,17900.0,13700
2025-11-10,17587.017578125,18025.0,18150.0,17875.0,17875.0,31500
2025-11-11,17562.625,18000.0,18075.0,17900.0,18025.0,45000
2025-11-12,17343.091796875,17775.0,18025.0,17775.0,18000.0,47500
2025-11-13,17318.69921875,17750.0,18000.0,17750.0,17800.0,44700
2025-11-14,17489.447265625,17925.0,18000.0,17750.0,17750.0,11600
2025-11-17,17465.0546875,17900.0,17925.0,17725.0,17925.0,25700
2025-11-18,17172.34375,17600.0,17900.0,17500.0,17900.0,54800
2025-11-19,17269.9140625,17700.0,17800.0,17550.0,17600.0,13500
2025-11-20,17343.091796875,17775.0,17800.0,17675.0,17700.0,8300
2025-11-21,17318.69921875,17750.0,17850.0,17750.0,17775.0,8500
2025-11-24,17099.166015625,17525.0,17750.0,17250.0,17750.0,70300
2025-11-25,16952.8125,17375.0,17525.0,17275.0,17525.0,56500
2025-11-26,17074.7734375,17500.0,17500.0,17375.0,17375.0,28800
2025-11-27,16977.205078125,17400.0,17625.0,17350.0,17500.0,21300
2025-11-28,17196.736328125,17625.0,17700.0,17375.0,17500.0,25500
2025-12-01,17099.166015625,17525.0,17625.0,17250.0,17625.0,61100
2025-12-02,16977.205078125,17400.0,17575.0,17150.0,17525.0,93700
2025-12-03,17074.7734375,17500.0,17500.0,17400.0,17400.0,5500
2025-12-04,17123.55859375,17550.0,17550.0,17375.0,17500.0,14300
2025-12-05,17343.091796875,17775.0,17775.0,17550.0,17550.0,26500
2025-12-08,17294.306640625,17725.0,17775.0,17550.0,17775.0,27500
2025-12-09,17074.7734375,17500.0,17725.0,17175.0,17725.0,17300
2025-12-10,17001.59765625,17425.0,17450.0,17250.0,17450.0,11600
2025-12-11,16830.849609375,17250.0,17425.0,17250.0,17425.0,43500
2025-12-12,16830.849609375,17250.0,17375.0,17200.0,17200.0,6700
2025-12-15,16391.783203125,16800.0,17250.0,16500.0,17250.0,85500
2025-12-16,16416.17578125,16825.0,16950.0,16700.0,16900.0,118000
2025-12-17,16562.53125,16975.0,17025.0,16300.0,16850.0,116500
2025-12-18,16221.03515625,16625.0,16975.0,16550.0,16975.0,24400
2025-12-19,15562.4375,15950.0,16650.0,15950.0,16650.0,141200
2025-12-22,15586.830078125,15975.0,16000.0,15950.0,15950.0,20500
2025-12-23,15440.474609375,15825.0,16000.0,15475.0,16000.0,70200
2025-12-24,15269.7265625,15650.0,15950.0,15625.0,15950.0,21600
2025-12-29,15391.689453125,15775.0,15900.0,15600.0,15600.0,47300
2025-12-30,15318.51171875,15700.0,16000.0,15675.0,15775.0,17900
2026-01-02,15952.7177734375,16350.0,16350.0,15700.0,15700.0,55000
2026-01-05,17025.990234375,17450.0,17550.0,16425.0,16425.0,181300
2026-01-06,16952.8125,17375.0,17500.0,16425.0,17450.0,115200
2026-01-07,16708.88671875,17125.0,17400.0,16975.0,17375.0,25100
2026-01-08,16782.064453125,17200.0,17375.0,17125.0,17125.0,18800
2026-01-09,16806.45703125,17225.0,17275.0,16550.0,17200.0,31200
2026-01-12,16635.708984375,17050.0,17225.0,16550.0,17225.0,16400
2026-01-13,16684.494140625,17100.0,17100.0,16700.0,17050.0,13400
2026-01-14,16733.279296875,17150.0,17175.0,17125.0,17125.0,14500
2026-01-15,16733.279296875,17150.0,17150.0,17000.0,17150.0,5600
2026-01-19,16782.064453125,17200.0,17200.0,17025.0,17150.0,13700
2026-01-20,16830.849609375,17250.0,17300.0,17000.0,17200.0,8800
2026-01-21,16806.45703125,17225.0,17275.0,16900.0,17250.0,13800
2026-01-22,16708.88671875,17125.0,17225.0,16950.0,16950.0,9100
2026-01-23,16586.923828125,17000.0,17150.0,16900.0,17150.0,14700
2026-01-26,16245.427734375,16650.0,17000.0,16575.0,17000.0,48600
2026-01-27,16196.6435546875,16600.0,16675.0,16500.0,16675.0,6900
2026-01-28,15611.22265625,16000.0,16500.0,14300.0,14300.0,90100
2026-01-29,15342.904296875,15725.0,15950.0,15000.0,15950.0,51900
2026-01-30,15367.296875,15750.0,16175.0,15725.0,15725.0,30100
2026-02-02,14928.2314453125,15300.0,15875.0,15175.0,15875.0,41300
2026-02-03,14659.9130859375,15025.0,15600.0,15000.0,15300.0,122800
2026-02-04,14635.5205078125,15000.0,15075.0,14725.0,15025.0,97200
2026-02-05,14562.34375,14925.0,15000.0,14800.0,15000.0,80800
2026-02-06,14220.84765625,14575.0,14925.0,14550.0,14925.0,26700
2026-02-09,13976.9228515625,14325.0,14550.0,14250.0,14550.0,56800
2026-02-10,13806.1748046875,14150.0,14400.0,14125.0,14325.0,110400
2026-02-11,13854.9599609375,14200.0,14375.0,14150.0,14175.0,49800
2026-02-12,13830.5673828125,14175.0,14300.0,14150.0,14225.0,70500
2026-02-13,13854.9599609375,14200.0,14400.0,14200.0,14250.0,35700
2026-02-18,13879.3525390625,14225.0,14450.0,14200.0,14225.0,28300
2026-02-19,14025.70703125,14375.0,14450.0,14200.0,14450.0,36300
2026-02-20,13708.6044921875,14050.0,14400.0,14000.0,14400.0,80500
2026-02-23,13854.9599609375,14200.0,14300.0,13925.0,14250.0,63600
2026-02-24,13854.9599609375,14200.0,14250.0,14200.0,14225.0,60900
2026-02-25,13830.5673828125,14175.0,14225.0,14100.0,14225.0,12800
2026-02-26,13684.2119140625,14025.0,14175.0,14025.0,14175.0,15900
2026-02-27,13659.8193359375,14000.0,14075.0,13900.0,14075.0,21800
2026-03-02,13635.4267578125,13975.0,14000.0,13875.0,14000.0,37100
2026-03-03,13562.2490234375,13900.0,14000.0,13900.0,14000.0,85800
2026-03-04,13367.109375,13700.0,14200.0,13650.0,14000.0,132800
2026-03-05,13050.005859375,13375.0,13700.0,13375.0,13700.0,55600
2026-03-06,12440.1923828125,12750.0,13375.0,12675.0,13375.0,87300
2026-03-09,11562.0615234375,11850.0,12750.0,11400.0,12750.0,68700
2026-03-10,11952.341796875,12250.0,12250.0,11850.0,11850.0,71600
2026-03-11,12586.5478515625,12900.0,14325.0,12500.0,12500.0,112000
2026-03-12,12952.435546875,13275.0,13400.0,12975.0,12975.0,54600
2026-03-13,12635.3330078125,12950.0,13500.0,12900.0,13300.0,26000
2026-03-16,12318.23046875,12625.0,12975.0,12450.0,12975.0,21900
2026-03-17,12342.623046875,12650.0,12700.0,12600.0,12625.0,26000
2026-03-25,12391.4072265625,12700.0,12750.0,12675.0,12700.0,43200
2026-03-26,12147.482421875,12450.0,12700.0,12250.0,12700.0,49800
2026-03-27,12025.51953125,12325.0,12500.0,12325.0,12500.0,12400
2026-03-30,11635.2392578125,11925.0,12325.0,11800.0,12325.0,118600
2026-03-31,11244.958984375,11525.0,11925.0,11500.0,11925.0,68700
2026-04-01,11147.388671875,11425.0,11500.0,11350.0,11450.0,86700
2026-04-02,10391.2197265625,10650.0,11425.0,10650.0,11425.0,134900
2026-04-06,9781.40625,10025.0,11000.0,9075.0,10650.0,680600
2026-04-07,10683.9306640625,10950.0,11100.0,10150.0,10200.0,85200
2026-04-08,10854.677734375,11125.0,11225.0,10850.0,10950.0,96300
2026-04-09,11562.0615234375,11850.0,12000.0,11000.0,11150.0,176100
2026-04-10,11732.8095703125,12025.0,13000.0,11850.0,11850.0,150600
2026-04-13,11781.5947265625,12075.0,12200.0,12000.0,12025.0,36100
2026-04-14,12049.912109375,12350.0,12450.0,12075.0,12075.0,69900
2026-04-15,12049.912109375,12350.0,12500.0,12350.0,12400.0,125500
2026-04-16,12196.267578125,12500.0,12825.0,12300.0,12375.0,50100
2026-04-17,12074.3046875,12375.0,12500.0,12100.0,12500.0,45200
2026-04-20,12001.126953125,12300.0,12375.0,12150.0,12375.0,30200
2026-04-21,12074.3046875,12375.0,12450.0,12050.0,12300.0,24600
2026-04-22,12049.912109375,12350.0,12600.0,12250.0,12375.0,28400
2026-04-23,11854.771484375,12150.0,12400.0,12000.0,12400.0,20800
2026-04-24,11708.4169921875,12000.0,12125.0,11750.0,12125.0,28300
2026-04-27,11464.4912109375,11750.0,12025.0,11525.0,12025.0,35400
2026-04-28,11220.56640625,11500.0,11850.0,11500.0,11850.0,27600
2026-04-29,11220.56640625,11500.0,11550.0,11425.0,11500.0,9500
2026-04-30,11122.99609375,11400.0,11425.0,11100.0,11250.0,19500
2026-05-04,11147.388671875,11425.0,11450.0,11350.0,11400.0,28600
2026-05-05,10903.462890625,11175.0,11425.0,11125.0,11400.0,18300
2026-05-06,10757.107421875,11025.0,11175.0,11000.0,11175.0,23800
2026-05-07,10976.640625,11250.0,11800.0,11000.0,11000.0,46400
2026-05-08,10927.85546875,11200.0,11575.0,11150.0,11250.0,164100
2026-05-11,11562.0615234375,11850.0,12650.0,11025.0,11025.0,63900
2026-05-12,11122.99609375,11400.0,11875.0,11275.0,11850.0,13900
2026-05-13,10927.85546875,11200.0,11500.0,11150.0,11400.0,12000
2026-05-14,10927.85546875,11200.0,11200.0,11200.0,11200.0,0
2026-05-15,10927.85546875,11200.0,11200.0,11200.0,11200.0,0
2026-05-18,11610.8466796875,11900.0,12025.0,10400.0,11200.0,97700
2026-05-19,11171.78125,11450.0,12300.0,11250.0,12300.0,34800
2026-05-20,10927.85546875,11200.0,11450.0,10825.0,11450.0,18900
2026-05-21,10220.4716796875,10475.0,10850.0,10375.0,10850.0,45900
2026-05-22,9757.013671875,10000.0,10525.0,9800.0,10500.0,94800
2026-05-25,9805.798828125,10050.0,10225.0,9575.0,10000.0,72100
2026-05-26,9683.8359375,9925.0,10150.0,9750.0,10050.0,55600
2026-05-27,9683.8359375,9925.0,9925.0,9925.0,9925.0,0
2026-05-28,9683.8359375,9925.0,9925.0,9925.0,9925.0,0
2026-05-29,9586.2666015625,9825.0,10625.0,9575.0,9825.0,73500
2026-06-02,9610.6591796875,9850.0,10000.0,9650.0,10000.0,23000
2026-06-03,9927.76171875,10175.0,10500.0,9475.0,9800.0,73700
2026-06-04,9683.8359375,9925.0,10050.0,9425.0,10050.0,47200
2026-06-05,9293.5556640625,9525.0,9950.0,9500.0,9925.0,37000
2026-06-08,9366.7333984375,9600.0,9800.0,9400.0,9525.0,46100
2026-06-09,9366.7333984375,9600.0,9900.0,9250.0,9400.0,126400
2026-06-10,9635.05078125,9875.0,10000.0,9550.0,9775.0,99000
2026-06-11,9464.3037109375,9700.0,9850.0,9600.0,9850.0,76000
2026-06-12,9464.3037109375,9700.0,10000.0,9625.0,9700.0,224500
2026-06-15,9537.4814453125,9775.0,9800.0,9700.0,9725.0,156600
2026-06-17,9366.7333984375,9600.0,10000.0,8950.0,10000.0,809100
2026-06-18,9464.3037109375,9700.0,9700.0,9550.0,9600.0,138200
2026-06-19,10732.71484375,11000.0,11225.0,9700.0,9700.0,249300
2026-06-22,13200.0,13200.0,13200.0,11000.0,11000.0,828400
2026-06-23,11900.0,11900.0,12700.0,11325.0,12425.0,350500
2026-06-24,11800.0,11800.0,12600.0,11625.0,12125.0,209400
2026-06-25,11800.0,11800.0,12150.0,11800.0,11800.0,57000
2026-06-26,11750.0,11750.0,12300.0,11650.0,11800.0,44200
2026-06-29,11750.0,11750.0,12050.0,11750.0,12000.0,33200
2026-06-30,11425.0,11425.0,11800.0,11425.0,11800.0,55100
2026-07-01,11750.0,11750.0,11950.0,11225.0,11425.0,33300
2026-07-02,11650.0,11650.0,11725.0,11450.0,11700.0,19900
2026-07-03,11600.0,11600.0,11800.0,11525.0,11625.0,29400
2026-07-06,11475.0,11475.0,11575.0,11425.0,11575.0,10300
2026-07-07,11425.0,11425.0,11600.0,11425.0,11475.0,47400
2026-07-08,11325.0,11325.0,11450.0,11300.0,11425.0,19200
2026-07-09,11350.0,11350.0,11425.0,11175.0,11425.0,18200
2026-07-10,11200.0,11200.0,11475.0,11125.0,11475.0,44700
2026-07-13,11350.0,11350.0,11575.0,11125.0,11375.0,20100
2026-07-14,11425.0,11425.0,11500.0,11325.0,11350.0,10400
2026-07-15,11500.0,11500.0,11800.0,11275.0,11425.0,93100
2026-07-16,11650.0,11650.0,12000.0,11500.0,11500.0,18600
2026-07-17,12000.0,12000.0,12350.0,11600.0,11675.0,85100
2026-07-20,12025.0,12025.0,12225.0,11750.0,12000.0,115500
2026-07-21,12025.0,12025.0,12450.0,12025.0,12150.0,37600
2026-07-22,12000.0,12000.0,12250.0,12000.0,12225.0,35500
2026-07-23,12175.0,12175.0,12525.0,12000.0,12000.0,91400
2026-07-24,11975.0,11975.0,12350.0,11825.0,12175.0,28300
2026-07-27,12075.0,12075.0,12400.0,12000.0,12000.0,25000
